CustomerID,Tenure,SatisfactionScore,Complain,DaySinceLastOrder,WarehouseToHome,CashbackAmount,ChurnRiskScore
54479,1.0,4,1,3.0,12.0,149.78,0.8109499111177457
53009,1.0,4,1,3.0,12.0,149.78,0.8109499111177457
51510,0.0,3,1,1.0,14.0,125.66,0.7709626457329344
50040,0.0,3,1,1.0,14.0,125.66,0.7709626457329344
53752,1.0,4,0,1.0,20.0,145.33,0.7669544584327809
53196,1.0,2,1,3.0,13.0,151.59,0.7621754510134127
52861,1.0,4,1,2.0,24.0,155.58,0.7539240278480651
55222,1.0,4,0,1.0,20.0,145.33,0.7503481693329005
55597,1.0,5,1,3.0,12.0,148.8,0.7485110750951737
54127,1.0,5,1,3.0,12.0,148.8,0.7485110750951737
53361,1.0,3,0,1.0,11.0,148.18,0.7420176053386865
54831,1.0,3,0,1.0,11.0,148.18,0.7402083536707184
54331,1.0,4,1,2.0,24.0,155.58,0.7284783620771925
53580,1.0,5,1,9.0,21.0,147.35,0.7272154003239867
54247,1.0,5,0,1.0,9.0,148.22,0.7166266612875271
54976,1.0,4,1,3.0,7.0,145.7,0.7085154608331987
53165,1.0,2,1,5.0,30.0,152.25,0.6898542160670569
55510,1.0,3,1,1.0,8.0,154.33,0.670742727770818
50546,0.0,3,0,0.0,14.0,123.18,0.6701089293934558
54202,1.0,5,0,1.0,9.0,148.41,0.6699699199666345
52782,0.0,5,1,2.0,14.0,123.80000000000001,0.6663827097412207
51312,0.0,5,1,2.0,14.0,123.80000000000001,0.6663827097412207
53277,1.0,4,0,1.0,16.0,151.94,0.662216837196709
52016,0.0,3,0,0.0,14.0,123.18,0.6599431658764741
54002,1.0,3,0,1.0,21.0,140.14,0.6524327859734093
55472,1.0,3,0,1.0,21.0,140.14,0.6524327859734093
53167,1.0,4,0,1.0,24.0,146.27,0.6514927239883178
52882,1.0,4,0,4.0,16.0,147.79,0.6493590142537536
54648,1.0,4,0,1.0,7.0,153.36,0.6480591517543914
54040,1.0,3,1,1.0,7.0,154.33,0.6477957560898255
54462,1.0,3,0,1.0,17.0,137.0,0.6464880793255392
52483,0.0,3,1,3.0,32.0,128.14,0.6453999438413407
54747,1.0,4,0,1.0,16.0,151.94,0.6447181219323859
53178,1.0,4,0,1.0,7.0,153.36,0.644223013240864
54184,1.0,1,0,1.0,22.0,137.32,0.6421941080634509
53506,1.0,4,1,3.0,7.0,145.7,0.6393672502923909
52173,1.0,3,1,2.0,12.0,127.03,0.6372898081549649
54637,1.0,4,0,1.0,24.0,146.27,0.6369173007179134
54325,1.0,3,1,2.0,10.0,150.66,0.6352255838096492
52855,1.0,3,1,2.0,10.0,150.66,0.6352255838096492
55358,1.0,5,0,3.0,16.0,152.28,0.6319902174694537
53888,1.0,5,0,3.0,16.0,152.28,0.6319902174694537
51664,0.0,4,1,2.0,14.0,124.78,0.6316008126966314
50194,0.0,4,1,2.0,14.0,124.78,0.6316008126966314
50381,0.0,2,1,2.0,12.0,126.59,0.625877329057583
54310,1.0,4,0,1.0,10.0,139.83,0.6243763668908446
52992,1.0,3,0,1.0,17.0,137.0,0.6221762370704754
55478,1.0,1,1,3.0,12.0,148.79,0.619564346340578
54008,1.0,1,1,3.0,12.0,148.79,0.619564346340578
50805,1.0,2,1,2.0,8.0,138.67,0.6134186245898837
52897,1.0,4,1,3.0,12.0,148.28,0.6071107402503515
50462,0.0,4,0,0.0,15.0,126.94,0.6054886815910524
51013,0.0,3,1,3.0,32.0,128.14,0.6007887962135554
51516,0.0,4,1,1.0,23.0,130.58,0.5984992276055668
51432,0.0,5,0,0.0,14.0,123.22,0.594832036150396
53547,1.0,3,0,3.0,10.0,155.33,0.5937623761307759
54215,1.0,1,1,1.0,30.0,166.57,0.5936619939260129
53425,1.0,5,0,2.0,15.0,149.51,0.588588210659245
51932,0.0,4,0,0.0,15.0,126.94,0.5876795072055365
55258,1.0,5,0,1.0,28.0,147.96,0.5854069006408981
53788,1.0,5,0,1.0,28.0,147.96,0.5854069006408981
55625,1.0,3,0,1.0,12.0,154.66,0.5808489426998643
53859,1.0,1,1,4.0,9.0,162.6,0.5790738701534918
54352,1.0,4,0,4.0,16.0,147.79,0.5743999392184906
55050,1.0,5,1,9.0,21.0,147.35,0.5737628245179832
51387,0.0,5,0,0.0,14.0,123.41,0.5691236703376295
53603,1.0,2,1,3.0,11.0,153.75,0.5690970613482607
52199,0.0,5,0,0.0,14.0,125.52000000000001,0.568115002839052
50729,0.0,5,0,0.0,14.0,125.52000000000001,0.568115002839052
55574,1.0,3,1,3.0,9.0,164.77,0.5668039940956723
54104,1.0,3,1,3.0,9.0,164.77,0.5668039940956723
51896,0.0,5,0,2.0,14.0,125.0,0.5658270790333543
50046,0.0,4,1,1.0,23.0,130.58,0.5643285378302926
51298,8.0,3,1,2.0,17.0,126.6,0.5635223707037931
50177,0.0,3,0,0.0,16.0,112.0,0.5627297999978481
53241,1.0,5,0,3.0,16.0,150.0,0.5618888914018991
55073,1.0,1,1,3.0,11.0,153.75,0.5579662667723757
55329,1.0,1,1,4.0,9.0,162.6,0.5542147245804413
53207,1.0,5,0,3.0,11.0,153.19,0.5540938929165039
55399,1.0,4,0,3.0,11.0,157.95,0.5533303458262161
50610,0.0,5,0,1.0,14.0,124.50999999999999,0.551593490541902
53306,1.0,2,0,1.0,10.0,142.06,0.5514894742488271
50788,0.0,2,1,2.0,10.0,128.75,0.5507609340254177
52258,0.0,1,1,2.0,10.0,128.75,0.5469863576136902
53929,1.0,4,0,3.0,11.0,157.95,0.5458485009764852
53663,1.0,2,0,1.0,7.0,141.11,0.5435372074070696
52847,1.0,3,0,1.0,14.0,186.32,0.5410365883993813
52768,8.0,3,1,2.0,17.0,126.6,0.5410142017098064
54155,1.0,3,0,1.0,12.0,154.66,0.5402815592267273
55133,1.0,1,0,1.0,8.0,141.11,0.5398025703702564
52543,0.0,5,0,2.0,15.0,127.28,0.5397135246896252
51073,0.0,5,0,2.0,15.0,127.28,0.5397135246896252
52584,0.0,4,0,2.0,10.0,132.95,0.5364525998939805
52187,0.0,4,0,2.0,30.0,135.97,0.534203186614097
50032,0.0,3,0,0.0,13.0,161.32,0.527282306524442
55014,1.0,5,0,1.0,16.0,150.52,0.5256368396130643
53544,1.0,5,0,1.0,16.0,150.52,0.5256368396130643
50732,0.0,3,0,2.0,9.0,130.33,0.5228341546923887
51842,0.0,3,0,2.0,28.0,134.47,0.5217599276209389
51114,0.0,4,0,2.0,10.0,132.95,0.5216084851271208
50372,0.0,3,0,2.0,28.0,134.47,0.520016263782338
52748,4.0,1,1,0.0,8.0,111.28999999999999,0.5199293957007821
53074,1.0,4,0,3.0,18.0,147.44,0.5190819400040991
55583,9.0,3,1,3.0,18.0,151.6,0.5173255412465316
53524,1.0,3,0,3.0,13.0,150.39,0.5171118087564696
50709,0.0,3,0,2.0,14.0,125.38999999999999,0.5161142262645212
50426,0.0,5,0,2.0,14.0,125.0,0.5151445114745894
50717,0.0,4,0,2.0,30.0,135.97,0.5148458911445811
53869,1.0,3,0,3.0,9.0,152.83,0.5140747743364723
55339,1.0,3,0,3.0,9.0,152.83,0.5140747743364723
54113,9.0,3,1,3.0,18.0,151.6,0.5128203928419333
54435,1.0,3,0,1.0,10.0,157.3,0.5101885482158558
52965,1.0,3,0,1.0,10.0,157.3,0.5101885482158558
54711,1.0,5,0,3.0,16.0,150.0,0.5094922975883237
53418,1.0,2,0,1.0,12.0,135.51,0.5045293273918492
55164,1.0,1,0,3.0,8.0,157.29,0.504342915099762
52275,1.0,1,1,2.0,8.0,138.67,0.5005065796318912
51278,4.0,1,1,0.0,8.0,111.28999999999999,0.49887639058240607
53187,1.0,3,0,3.0,29.0,159.47,0.4984297515893015
53169,1.0,3,0,7.0,20.0,145.96,0.4981796764895043
53532,1.0,4,0,3.0,31.0,160.97,0.49737656418135534
54657,1.0,3,0,3.0,29.0,159.47,0.49332099572099186
52017,9.0,4,0,0.0,16.0,120.08000000000001,0.48956266980160906
50547,9.0,4,0,0.0,16.0,120.08000000000001,0.48956266980160906
54204,1.0,3,0,3.0,15.0,212.26,0.48832653268433374
50292,9.0,2,1,0.0,8.0,117.02000000000001,0.48782626383231115
50593,0.0,4,0,2.0,22.0,128.11,0.4859165514905599
55572,1.0,4,0,3.0,9.0,146.87,0.4849187462914019
54102,1.0,4,0,3.0,9.0,146.87,0.4849187462914019
53256,1.0,3,0,3.0,17.0,160.05,0.48455282633233066
50765,9.0,5,1,8.0,20.0,122.35,0.48281453026512405
54885,1.0,3,0,3.0,24.0,168.77,0.4820402971084375
52080,0.0,5,0,1.0,14.0,124.50999999999999,0.47842553710994734
52695,0.0,3,1,0.0,7.0,129.33,0.4781423546930052
55002,1.0,4,0,3.0,31.0,160.97,0.47645161640167205
54666,1.0,1,1,3.0,13.0,81.0,0.474947801365522
52683,1.0,4,0,0.0,9.0,128.56,0.4742929667206398
51213,1.0,4,0,0.0,9.0,128.56,0.4742929667206398
54270,1.0,1,0,1.0,22.0,153.71,0.47416029616417743
55017,1.0,3,0,3.0,6.0,155.33,0.4740016030024098
51620,0.0,3,0,0.0,9.0,132.3,0.4733467124625224
50150,0.0,3,0,0.0,9.0,132.3,0.4733467124625224
53415,1.0,3,0,3.0,24.0,168.77,0.472268803638057
52728,4.0,5,1,3.0,9.0,130.65,0.47093132535676263
51833,0.0,4,0,0.0,6.0,128.36,0.47047325836989756
53694,1.0,2,0,3.0,7.0,157.29,0.47011964107124404
54895,1.0,5,0,2.0,15.0,149.51,0.4681066749433149
51193,0.0,1,1,2.0,14.0,123.78999999999999,0.46739318583559564
52663,0.0,1,1,2.0,14.0,123.78999999999999,0.46739318583559564
54888,1.0,1,0,1.0,12.0,135.51,0.4661763821816385
54165,1.0,4,0,3.0,9.0,159.68,0.46601368445084623
55584,1.0,3,0,3.0,8.0,158.75,0.46597715082000546
51630,0.0,5,1,3.0,17.0,147.41,0.46300534086457173
53408,1.0,4,0,3.0,23.0,153.11,0.46265904786818246
54639,1.0,3,0,7.0,20.0,145.96,0.46057654988300184
50603,0.0,2,0,0.0,11.0,110.50999999999999,0.4605413522896986
54058,1.0,4,0,3.0,9.0,147.26,0.4594331495462368
52810,0.0,3,0,0.0,11.0,129.66,0.458667034545196
50744,1.0,5,0,3.0,25.0,131.96,0.45849868022468654
50160,0.0,5,1,3.0,17.0,147.41,0.4573666819488477
50363,0.0,4,0,0.0,6.0,128.36,0.45706040154875294
50531,9.0,4,1,3.0,9.0,122.77000000000001,0.45690465219373894
52001,9.0,4,1,3.0,9.0,122.77000000000001,0.45690465219373894
54544,1.0,4,0,3.0,18.0,147.44,0.4559011991777667
53708,1.0,5,0,5.0,18.0,145.99,0.4555398047248777
53716,1.0,3,1,4.0,11.0,166.62,0.4532768180606687
51054,0.0,3,0,2.0,8.0,127.83000000000001,0.45228025546787926
52524,0.0,3,0,2.0,8.0,127.83000000000001,0.45228025546787926
52063,0.0,4,0,2.0,22.0,128.11,0.4522587237472691
50937,9.0,4,0,0.0,19.0,120.33000000000001,0.4518180427981403
54077,1.0,5,0,7.0,7.0,153.67,0.44949931168150953
51258,4.0,5,1,3.0,9.0,130.65,0.449449950235152
52179,0.0,3,0,2.0,14.0,125.38999999999999,0.4472887521454298
52235,9.0,5,1,8.0,20.0,122.35,0.44567490401425347
54114,1.0,3,0,3.0,7.0,158.75,0.4449976868839487
51762,9.0,1,1,0.0,8.0,117.02000000000001,0.44488330117858416
51455,0.0,1,0,0.0,21.0,128.71,0.44439189891541225
53887,15.0,3,1,3.0,30.0,195.82,0.44304927939788014
55357,15.0,3,1,3.0,30.0,195.82,0.44304927939788014
52073,0.0,1,0,0.0,11.0,110.50999999999999,0.4426997660311194
54776,1.0,1,0,1.0,10.0,142.06,0.4422245656021218
53828,1.0,3,1,4.0,33.0,153.14,0.44181274496168765
52202,0.0,3,0,2.0,5.0,130.33,0.44168526625910043
55528,1.0,4,0,3.0,9.0,147.26,0.436366274346121
55385,1.0,3,0,3.0,24.0,148.05,0.43404492779953235
51340,0.0,3,0,0.0,11.0,129.66,0.4331565057171567
53477,1.0,3,0,3.0,15.0,171.21,0.43238635577226536
54322,1.0,4,0,3.0,16.0,145.24,0.4319493446762446
55298,1.0,3,1,4.0,33.0,153.14,0.43071855151224203
50488,1.0,4,1,5.0,8.0,147.79,0.4293975928680921
51363,0.0,1,1,0.0,22.0,129.35,0.42887745957961215
50901,0.0,3,1,3.0,10.0,141.62,0.42818295020142527
55095,1.0,4,0,2.0,8.0,145.96,0.4273009405413032
50374,0.0,3,0,2.0,12.0,127.72999999999999,0.4271941211791335
52407,9.0,4,0,0.0,19.0,120.33000000000001,0.42355437971930077
51225,0.0,3,1,0.0,6.0,129.33,0.42292362193655464
52769,0.0,3,0,2.0,7.0,133.75,0.42272652192876414
53915,1.0,3,0,3.0,24.0,148.05,0.41833383762625614
52732,0.0,5,0,6.0,7.0,128.67,0.4176593931788808
52975,1.0,5,1,4.0,18.0,172.41,0.4157680306980362
53203,1.0,2,0,2.0,10.0,145.45,0.41545322661642725
52161,9.0,4,1,2.0,6.0,120.69999999999999,0.41420112863013064
54994,1.0,3,0,3.0,13.0,150.39,0.4136222115125293
51844,0.0,3,0,2.0,12.0,127.72999999999999,0.41317012333722064
55547,1.0,5,0,7.0,8.0,153.67,0.4122911142107532
53625,1.0,4,0,2.0,7.0,145.96,0.4097684163657484
50639,9.0,3,1,0.0,16.0,122.19999999999999,0.40838017266477866
52109,9.0,3,1,0.0,16.0,122.19999999999999,0.40821664649797074
51299,0.0,3,0,2.0,6.0,133.75,0.4082127410365892
51964,0.0,5,0,1.0,8.0,134.24,0.4080565339459886
51350,0.0,4,0,2.0,8.0,134.68,0.40725116507618725
53189,1.0,3,0,3.0,13.0,152.73,0.40714980661689654
52852,1.0,4,0,3.0,16.0,145.24,0.40693104019668014
52891,1.0,5,0,1.0,7.0,167.98,0.40652998892344255
52208,9.0,3,0,0.0,23.0,122.9,0.40628324289566903
50738,9.0,3,0,0.0,23.0,122.9,0.40628324289566903
55063,1.0,3,0,4.0,11.0,150.17,0.40598152496257833
53593,1.0,3,0,4.0,11.0,150.17,0.40598152496257833
54445,1.0,5,1,4.0,18.0,172.41,0.4057329100797574
54274,1.0,3,0,3.0,25.0,152.74,0.40542997022277044
50691,9.0,4,1,2.0,6.0,120.69999999999999,0.4043621594443622
53656,1.0,2,0,3.0,26.0,161.69,0.4039876230854723
52349,0.0,1,0,2.0,7.0,132.29,0.40349283423955173
54930,1.0,3,0,4.0,7.0,145.07,0.40285608989481586
53773,1.0,3,0,3.0,27.0,147.72,0.40256861037640496
55243,1.0,3,0,3.0,27.0,147.72,0.40256861037640496
53601,1.0,3,0,2.0,7.0,137.23,0.40249257080827444
53600,1.0,2,1,2.0,32.0,154.94,0.4022524374914542
51851,0.0,1,1,2.0,12.0,56.0,0.40191020048419523
50422,2.0,3,0,0.0,14.0,126.41999999999999,0.4013818649757621
51219,9.0,5,0,2.0,13.0,120.62,0.39977930150321533
52689,9.0,5,0,2.0,13.0,120.62,0.39977930150321533
54878,1.0,4,0,3.0,23.0,153.11,0.39861142999011195
53011,1.0,3,1,5.0,9.0,169.78,0.3959295069289322
55126,1.0,1,0,3.0,26.0,161.69,0.39525732686822435
52214,1.0,5,0,3.0,25.0,131.96,0.3931680203223347
53364,7.0,5,1,3.0,7.0,152.99,0.39302720703099675
50078,7.0,3,1,0.0,16.0,138.15,0.39297263816649525
51548,7.0,3,1,0.0,16.0,138.15,0.39297263816649525
51369,9.0,1,0,0.0,21.0,112.32,0.39290716240859774
53329,1.0,5,0,4.0,11.0,167.56,0.39162642237209616
54299,1.0,3,0,3.0,35.0,211.39,0.389781096972004
51106,0.0,5,0,2.0,35.0,139.07,0.38967811112309175
52576,0.0,5,0,2.0,35.0,139.07,0.38967811112309175
50510,0.0,5,1,3.0,9.0,141.94,0.3883590229989766
55331,1.0,1,0,3.0,9.0,150.8,0.38632378715325283
53861,1.0,1,0,3.0,9.0,150.8,0.38632378715325283
50544,1.0,3,0,2.0,14.0,123.77000000000001,0.3828027807780005
53325,1.0,5,1,4.0,10.0,166.94,0.3819330195529992
50778,0.0,3,0,3.0,14.0,125.16999999999999,0.37947889491761655
52248,0.0,3,0,3.0,14.0,125.16999999999999,0.37947889491761655
53809,1.0,1,0,1.0,10.0,145.61,0.3793700964696826
55279,1.0,1,0,1.0,10.0,145.61,0.3793700964696826
55165,1.0,5,0,8.0,14.0,160.78,0.3784690563268522
50640,1.0,4,0,0.0,16.0,110.52000000000001,0.3760167319539722
55569,1.0,1,0,5.0,19.0,151.47,0.3736617926677221
54099,1.0,1,0,5.0,19.0,151.47,0.3736617926677221
50479,9.0,3,0,0.0,8.0,122.74000000000001,0.3722477039879475
51949,9.0,3,0,0.0,8.0,122.74000000000001,0.3722477039879475
50494,0.0,5,0,1.0,8.0,134.24,0.3712983937965224
53460,1.0,3,0,4.0,7.0,145.07,0.3710091597897459
53518,5.0,3,1,3.0,13.0,152.03,0.3702195997575755
55568,1.0,3,0,3.0,8.0,171.17,0.36968445944542244
54481,1.0,3,1,5.0,9.0,169.78,0.3696063040314659
50196,0.0,3,1,4.0,8.0,144.78,0.36929514715436607
51990,4.0,1,1,2.0,14.0,123.56,0.3676714862718524
50872,0.0,2,1,4.0,16.0,157.69,0.36693093826688317
55186,1.0,3,1,4.0,11.0,166.62,0.36512260813860303
51552,0.0,4,1,2.0,14.0,123.28,0.36484688994516085
51484,0.0,3,0,2.0,34.0,186.39,0.3632845223929915
55082,2.0,3,1,3.0,8.0,146.54,0.3619874207795706
54621,1.0,3,0,1.0,36.0,168.06,0.361434029408668
54646,1.0,3,0,4.0,13.0,146.87,0.36108338670761225
51262,0.0,5,0,6.0,6.0,128.67,0.36087493714653407
53071,1.0,3,1,4.0,17.0,167.6,0.360702678887701
54541,1.0,3,1,4.0,17.0,167.6,0.360702678887701
53687,1.0,2,1,5.0,17.0,182.69,0.3603133091191523
53695,1.0,5,0,8.0,14.0,160.78,0.36023015461126634
51892,2.0,3,0,0.0,14.0,126.41999999999999,0.3598983010650522
52369,9.0,5,0,0.0,7.0,120.66,0.35891487311103526
55178,1.0,5,0,5.0,18.0,145.99,0.35831351113544924
52110,1.0,4,0,0.0,16.0,110.52000000000001,0.3576340360171235
54834,7.0,5,1,3.0,7.0,152.99,0.3576291978016439
55157,1.0,1,1,5.0,17.0,182.69,0.3568882098009311
51386,9.0,1,0,0.0,10.0,119.50999999999999,0.35632571272225094
54816,7.0,4,1,4.0,10.0,147.77,0.35565689807222783
53346,7.0,4,1,4.0,10.0,147.77,0.35565689807222783
54988,2.0,3,1,3.0,13.0,152.03,0.35499437457950167
50441,0.0,3,0,2.0,16.0,135.05,0.3539489389906971
54799,1.0,5,0,4.0,11.0,167.56,0.35373779127193095
51454,0.0,1,0,1.0,13.0,128.89,0.3536370485738032
54673,1.0,1,0,2.0,10.0,145.45,0.3535596029109437
50703,4.0,3,1,2.0,12.0,127.03,0.35290241542754186
55563,5.0,1,1,1.0,9.0,136.29,0.35286158198122475
50332,0.0,2,0,3.0,13.0,215.57,0.35274457199691533
53176,1.0,3,0,4.0,13.0,146.87,0.3526421184601875
53060,5.0,4,1,3.0,16.0,151.57,0.35079447445157774
54098,1.0,3,0,3.0,7.0,171.17,0.34936752184553543
51056,9.0,4,0,3.0,13.0,120.13,0.34837360590583266
52526,9.0,4,0,3.0,13.0,120.13,0.34837360590583266
50101,9.0,2,0,0.0,9.0,121.77000000000001,0.34832532414717043
52342,0.0,1,1,4.0,16.0,157.69,0.34791214656567937
51403,8.0,5,1,2.0,29.0,140.14,0.34656006670443046
51044,0.0,1,1,3.0,8.0,137.6,0.3463603538267647
54073,5.0,5,1,4.0,10.0,155.65,0.3448891047377412
54659,1.0,3,0,3.0,13.0,152.73,0.3447810268031208
55154,1.0,3,0,3.0,25.0,187.32,0.3426335838382613
51389,0.0,3,0,7.0,14.0,187.26,0.3426124768557157
53151,1.0,3,0,1.0,36.0,168.06,0.3426072396857479
51911,0.0,3,0,2.0,16.0,135.05,0.34197000228767177
55070,1.0,1,1,2.0,32.0,154.94,0.3419002848034995
51072,14.0,3,1,2.0,29.0,170.82,0.34177535350540444
52542,14.0,3,1,2.0,29.0,170.82,0.34177535350540444
53684,1.0,3,0,3.0,25.0,187.32,0.34164808690929843
54947,1.0,3,0,3.0,15.0,171.21,0.33986580166127617
51349,6.0,3,1,0.0,9.0,129.09,0.3398066337668662
50600,0.0,3,0,2.0,23.0,143.77,0.33969470554243114
53454,8.0,3,1,1.0,17.0,147.2,0.33891049050419125
53612,2.0,3,1,3.0,7.0,146.54,0.33800979497868705
50391,9.0,3,0,0.0,9.0,112.81,0.3368533611817341
54924,8.0,3,1,1.0,17.0,147.2,0.33680739175446267
55391,1.0,5,0,3.0,36.0,164.07,0.3363585627502038
53921,1.0,5,0,3.0,36.0,164.07,0.3363585627502038
51046,0.0,1,0,2.0,14.0,125.80000000000001,0.3361236235568445
52516,0.0,1,0,2.0,14.0,125.80000000000001,0.3361236235568445
51459,0.0,3,0,2.0,24.0,127.74000000000001,0.3356935635462503
53046,1.0,3,0,8.0,7.0,177.96,0.33540240471275673
52014,1.0,3,0,2.0,14.0,123.77000000000001,0.3338972573849144
50879,0.0,2,0,2.0,6.0,132.29,0.33380836093786354
52604,9.0,5,0,0.0,10.0,121.09,0.3336208307210403
51134,9.0,5,0,0.0,10.0,121.09,0.3336208307210403
53052,14.0,3,1,8.0,17.0,147.13,0.33275737996193083
53030,1.0,4,0,8.0,15.0,187.14,0.33233915207837145
53228,1.0,5,0,3.0,17.0,212.93,0.33176557877557494
52374,9.0,3,1,3.0,11.0,121.27000000000001,0.3310524738466739
50520,4.0,2,1,2.0,14.0,123.56,0.3301080610968176
52070,0.0,3,0,2.0,23.0,143.77,0.32970430657708166
50662,0.0,3,0,2.0,14.0,146.21,0.32963855086544114
52903,1.0,3,0,3.0,27.0,224.81,0.32862457786616384
54373,1.0,3,0,3.0,27.0,224.81,0.32862457786616384
51647,9.0,3,0,0.0,16.0,112.0,0.3283760153129336
50549,6.0,5,1,2.0,6.0,127.99000000000001,0.328302692396123
54726,1.0,3,0,3.0,17.0,160.05,0.3266956561156622
55071,1.0,3,0,2.0,8.0,137.23,0.3264205397639961
50841,0.0,2,0,2.0,25.0,136.69,0.32528391422101527
52318,9.0,1,0,0.0,7.0,116.11000000000001,0.3244328857023326
54530,5.0,4,1,3.0,16.0,151.57,0.32387334045599336
53161,1.0,2,0,2.0,31.0,149.0,0.32383765973634787
52371,0.0,3,1,3.0,10.0,141.62,0.32282169828491497
50928,9.0,3,0,0.0,13.0,112.74000000000001,0.3219542849551894
52398,9.0,3,0,0.0,13.0,112.74000000000001,0.3219542849551894
51124,0.0,1,0,4.0,14.0,134.45,0.3216711680692449
50800,8.0,3,1,2.0,12.0,135.06,0.3214268735359316
50392,0.0,5,0,2.0,10.0,128.19,0.3207803836561954
50514,0.0,5,0,3.0,10.0,142.56,0.3200503210960983
53840,1.0,5,0,8.0,26.0,165.66,0.3184822109314523
55310,1.0,5,0,8.0,26.0,165.66,0.3184822109314523
54698,1.0,5,0,3.0,17.0,212.93,0.31827114720152844
54164,7.0,3,1,1.0,10.0,154.09,0.31766559734213284
50785,0.0,2,1,1.0,31.0,129.94,0.31715297800703757
52019,6.0,5,1,2.0,6.0,127.99000000000001,0.31694273033088605
53561,9.0,5,1,3.0,24.0,214.66,0.3168697729874979
51474,0.0,1,0,1.0,14.0,125.22999999999999,0.31606476083637225
54779,1.0,5,0,2.0,9.0,159.24,0.3160212976360032
55543,5.0,5,1,4.0,10.0,155.65,0.3150935638292366
50904,9.0,3,1,3.0,11.0,121.27000000000001,0.31494059325834717
51495,9.0,4,0,0.0,9.0,114.83000000000001,0.31480103862956366
53245,1.0,5,0,8.0,14.0,193.11,0.3127336350962945
54715,1.0,5,0,8.0,14.0,193.11,0.3127336350962945
54516,1.0,3,0,8.0,7.0,177.96,0.3127220866458866
52594,0.0,1,0,4.0,14.0,134.45,0.3127074081961935
50899,9.0,5,0,0.0,6.0,120.66,0.3118851052163589
53309,1.0,5,0,2.0,9.0,159.24,0.3111545512276615
50237,9.0,3,1,7.0,16.0,122.13,0.31039868676005755
50326,4.0,2,1,5.0,8.0,165.82,0.31018798739809483
54367,1.0,4,1,3.0,12.0,148.28,0.3099037325493376
55409,1.0,1,0,5.0,15.0,159.45,0.30898107783511597
52415,9.0,3,0,0.0,7.0,115.63,0.3089394785238551
54500,1.0,4,0,8.0,15.0,187.14,0.3087799710741851
54677,1.0,5,0,3.0,11.0,153.19,0.3079411593263974
54846,1.0,5,0,8.0,7.0,167.94,0.3074828635316227
54093,5.0,1,1,1.0,9.0,136.29,0.30677425327220087
50231,0.0,3,0,7.0,6.0,152.96,0.3061523296630999
50352,9.0,4,0,0.0,23.0,121.27000000000001,0.30606443444909986
52514,0.0,1,1,3.0,8.0,137.6,0.30599612154619277
53036,1.0,2,0,3.0,33.0,154.04,0.3049119663200079
54269,1.0,1,0,2.0,14.0,153.89,0.30484322825188526
54720,12.0,3,1,2.0,9.0,155.57,0.30405556302602627
51822,9.0,4,0,0.0,23.0,121.27000000000001,0.30333217745942365
53088,1.0,2,1,4.0,11.0,169.87,0.3032323279747552
53250,12.0,3,1,2.0,9.0,155.57,0.3029875958388227
53950,1.0,3,0,8.0,23.0,177.94,0.30298346208279375
52311,0.0,1,0,2.0,25.0,136.69,0.3026543344721594
50848,9.0,2,0,0.0,6.0,116.11000000000001,0.30092388715700724
51400,0.0,1,1,0.0,29.0,141.57,0.3008088363796126
50846,0.0,2,0,0.0,14.0,125.34,0.30068649784636503
51571,9.0,1,0,0.0,9.0,121.77000000000001,0.2997659175655675
51471,0.0,4,0,3.0,14.0,123.68,0.2989619615645925
50809,9.0,5,0,2.0,6.0,120.80000000000001,0.29863891869325243
52350,0.0,5,0,7.0,13.0,135.78,0.2986196841656224
54631,1.0,1,0,2.0,31.0,149.0,0.2986169429462986
51480,0.0,3,0,7.0,31.0,129.42,0.29833238609496177
50082,0.0,4,1,2.0,14.0,123.28,0.2980857691161226
51984,0.0,5,0,3.0,10.0,142.56,0.2979083162983999
51861,9.0,3,0,0.0,9.0,112.81,0.2976111794537838
51666,0.0,3,1,4.0,8.0,144.78,0.29760777005706096
54124,1.0,3,1,5.0,15.0,174.07,0.29747763521323034
51726,0.0,3,1,3.0,16.0,142.6,0.2974171889085816
50256,0.0,3,1,3.0,16.0,142.6,0.2974171889085816
53022,1.0,4,1,5.0,7.0,188.49,0.2972907138393885
53939,1.0,1,0,5.0,15.0,159.45,0.29711278024292825
53208,1.0,4,0,3.0,15.0,173.51,0.2971015867688752
51135,0.0,3,0,7.0,22.0,152.94,0.2968451216685868
53680,11.0,3,1,4.0,11.0,154.96,0.29662971239239544
50865,10.0,3,1,3.0,10.0,129.96,0.29646869371736356
54257,1.0,3,0,3.0,10.0,174.99,0.29567438126930407
51289,0.0,3,1,2.0,8.0,139.77,0.29508895555551745
52759,0.0,3,1,2.0,8.0,139.77,0.29508895555551745
53472,1.0,5,0,4.0,7.0,164.55,0.29503136658727597
55094,2.0,5,0,3.0,8.0,145.8,0.29327131621886526
51338,12.0,1,0,3.0,30.0,220.31,0.2932149451636149
54655,8.0,3,1,7.0,21.0,150.79,0.29319350522958404
53185,8.0,3,1,7.0,21.0,150.79,0.29319350522958404
50388,9.0,2,0,1.0,9.0,120.44999999999999,0.29317702674231866
53689,1.0,2,0,2.0,9.0,164.04,0.29249960765916294
53969,10.0,5,1,8.0,17.0,208.21,0.2922605345416134
52255,0.0,1,1,1.0,31.0,129.94,0.29087240496252315
50664,1.0,3,0,7.0,16.0,136.6,0.29014382864304006
50945,9.0,3,0,0.0,6.0,115.63,0.28962188341706235
52134,1.0,3,0,7.0,16.0,136.6,0.2893399673113796
55439,10.0,5,1,8.0,17.0,208.21,0.2884607428857051
53141,5.0,2,1,6.0,9.0,190.82,0.28797083321952993
54178,1.0,1,1,1.0,23.0,154.35,0.2872706788339302
55090,2.0,1,1,3.0,9.0,163.67,0.2870699183621039
50880,0.0,5,0,7.0,13.0,135.78,0.2866309345938376
52448,9.0,1,1,2.0,14.0,126.44,0.28654337050484757
54795,1.0,5,1,4.0,10.0,166.94,0.28583734762432933
52270,8.0,3,1,2.0,12.0,135.06,0.2852262267497801
52946,1.0,3,0,3.0,7.0,173.98,0.28495711583415945
53045,4.0,3,1,3.0,32.0,172.36,0.28360761002275536
52132,0.0,3,0,2.0,14.0,146.21,0.28349925901121964
50346,0.0,2,0,1.0,14.0,124.0,0.283240428022489
51384,9.0,5,1,0.0,11.0,134.19,0.2830643994221033
53661,1.0,2,0,1.0,18.0,150.34,0.2828204967205639
51284,0.0,1,0,4.0,14.0,126.47,0.28183600756340643
52754,0.0,1,0,4.0,14.0,126.47,0.28183600756340643
55594,1.0,3,1,5.0,15.0,174.07,0.2812293133201548
50318,9.0,2,0,7.0,16.0,199.8,0.2807593136984657
54805,5.0,1,1,3.0,18.0,148.56,0.27810171192368444
54506,1.0,1,0,3.0,33.0,154.04,0.27769708745947
53221,1.0,5,0,8.0,7.0,199.12,0.27749690471401484
52323,9.0,3,0,0.0,32.0,120.28999999999999,0.2773131527076592
50853,9.0,3,0,0.0,32.0,120.28999999999999,0.2773131527076592
50245,4.0,4,1,2.0,14.0,126.57,0.2769019007876604
52958,1.0,5,0,6.0,12.0,165.0,0.27626743282062205
52335,10.0,3,1,3.0,10.0,129.96,0.27614975247516826
53166,1.0,4,0,5.0,35.0,187.72,0.2760820144917201
51707,9.0,3,1,7.0,16.0,122.13,0.2757213948737425
53109,1.0,2,0,3.0,30.0,153.86,0.27569473023378294
53147,1.0,2,0,2.0,14.0,240.57,0.27557904625328955
54361,1.0,5,0,1.0,7.0,167.98,0.27500093517998486
53620,2.0,2,1,3.0,9.0,163.67,0.2743799428690086
54199,10.0,5,1,1.0,12.0,159.19,0.27372652820755766
54942,1.0,5,0,4.0,7.0,164.55,0.27286640926893296
52806,2.0,5,0,4.0,34.0,137.85,0.27279359922019497
51336,2.0,5,0,4.0,34.0,137.85,0.27279359922019497
54534,1.0,4,0,5.0,7.0,163.16,0.2717369115526448
53064,1.0,4,0,5.0,7.0,163.16,0.2717369115526448
53665,1.0,2,0,1.0,9.0,175.71,0.2706958011891848
53335,5.0,2,1,3.0,18.0,148.56,0.2703776048921783
53254,1.0,2,0,5.0,33.0,186.8,0.27008237076270164
50978,9.0,1,1,2.0,14.0,126.44,0.26984303579855046
55150,11.0,3,1,4.0,11.0,154.96,0.2696921124188163
53702,10.0,4,1,3.0,10.0,217.78,0.2689049704508555
50336,0.0,3,0,0.0,35.0,143.06,0.2686451874331866
51546,0.0,5,0,0.0,6.0,142.98,0.2683478244763995
51840,7.0,3,1,6.0,14.0,125.78999999999999,0.2678404773176981
50370,7.0,3,1,6.0,14.0,125.78999999999999,0.2678404773176981
55172,10.0,4,1,3.0,10.0,217.78,0.2663184080319487
54902,1.0,3,0,1.0,12.0,308.03,0.26520967954001484
54635,1.0,1,1,5.0,30.0,152.25,0.26519727159009593
54295,1.0,3,0,8.0,32.0,154.42,0.2647537799946641
53376,1.0,5,0,8.0,7.0,167.94,0.2640643693142673
53349,18.0,5,1,2.0,16.0,150.59,0.26387616073819103
51816,0.0,1,0,1.0,14.0,124.0,0.26294599534952945
50874,0.0,2,0,1.0,8.0,139.04,0.26290062439423856
52279,9.0,5,0,2.0,7.0,120.80000000000001,0.26256058518733
55189,15.0,3,1,4.0,12.0,146.27,0.26254570814158346
50946,1.0,5,0,3.0,13.0,148.98,0.26158131861294315
52416,1.0,5,0,3.0,13.0,148.98,0.26158131861294315
51715,4.0,4,1,2.0,14.0,126.57,0.2614061881531376
53224,14.0,5,1,3.0,12.0,229.75,0.2608529039143293
54522,14.0,3,1,8.0,17.0,147.13,0.26059500767430316
51640,10.0,1,1,2.0,14.0,123.25999999999999,0.2595774534006615
51806,0.0,3,0,0.0,35.0,143.06,0.25942308957172633
54286,1.0,4,0,4.0,13.0,148.68,0.25911827767683815
54558,1.0,1,1,4.0,11.0,169.87,0.25787712379484423
51958,1.0,4,1,5.0,8.0,147.79,0.2575608268030635
51858,9.0,1,0,1.0,9.0,120.44999999999999,0.2570419130553532
50036,0.0,2,0,2.0,14.0,123.22999999999999,0.2570414325576667
53778,8.0,3,1,8.0,14.0,148.08,0.25629071201354703
54289,1.0,1,0,2.0,9.0,150.23,0.2552391438365
53719,15.0,3,1,4.0,12.0,146.27,0.2551308105556962
54455,11.0,1,1,3.0,16.0,148.26,0.2548031595308556
54724,1.0,1,0,5.0,33.0,186.8,0.25457196249723973
53133,10.0,2,0,3.0,17.0,224.8,0.25394555852311307
51862,0.0,5,0,2.0,10.0,128.19,0.2537995563881781
52515,0.0,3,0,2.0,14.0,135.17,0.2529488640049982
51045,0.0,3,0,2.0,14.0,135.17,0.2529488640049982
52669,1.0,1,0,2.0,7.0,127.06,0.25283013257512355
54218,9.0,5,1,3.0,30.0,165.14,0.2521955265507932
51506,0.0,1,0,2.0,14.0,123.22999999999999,0.25212849662578646
55159,1.0,1,0,2.0,9.0,164.04,0.2513282673446706
53576,1.0,2,0,2.0,17.0,174.5,0.25103544338176853
54852,14.0,4,1,1.0,16.0,161.17,0.2501161457759084
53382,14.0,4,1,1.0,16.0,161.17,0.2501161457759084
52538,22.0,5,1,2.0,14.0,125.87,0.25000091756240045
50165,1.0,2,0,2.0,14.0,133.1,0.24997223444587108
51701,0.0,3,0,7.0,6.0,152.96,0.24924966451040775
50076,0.0,5,0,0.0,6.0,142.98,0.24870513359739846
51068,22.0,5,1,2.0,14.0,125.87,0.24861928031986935
51210,0.0,5,0,3.0,21.0,147.74,0.2481380043272582
52777,5.0,1,0,7.0,7.0,204.22,0.24783151725682687
51028,0.0,1,0,2.0,11.0,131.17,0.24712413986565565
50351,0.0,4,0,4.0,34.0,162.72,0.2468694614197209
50695,1.0,4,0,4.0,8.0,132.01,0.24603631426991285
52808,12.0,1,0,3.0,30.0,220.31,0.24554551477853878
52667,9.0,3,0,0.0,15.0,121.05000000000001,0.24513806714501205
53624,2.0,5,0,3.0,7.0,145.8,0.24485818872209705
52680,0.0,5,0,3.0,21.0,147.74,0.24484459639214418
50797,9.0,3,1,2.0,6.0,121.53999999999999,0.24475994158482767
54315,6.0,1,0,3.0,15.0,214.98,0.243349942014372
52845,6.0,2,0,3.0,15.0,214.98,0.24279539820965274
53343,11.0,4,1,10.0,26.0,201.42,0.242618171670233
54813,11.0,4,1,10.0,26.0,201.42,0.242618171670233
50447,0.0,2,0,0.0,6.0,143.64,0.2419504285519813
52267,9.0,3,1,2.0,7.0,121.53999999999999,0.2406804698450882
53550,3.0,2,1,4.0,22.0,146.68,0.24052815551294207
54416,1.0,3,0,3.0,7.0,173.98,0.24038965986634112
55248,8.0,3,1,8.0,14.0,148.08,0.2403477451329185
52087,0.0,3,0,0.0,11.0,283.03,0.24019825765867409
50238,0.0,2,0,2.0,14.0,126.1,0.23993800566143714
51309,0.0,3,1,4.0,14.0,149.07,0.2388914112602122
50657,0.0,5,0,3.0,6.0,139.55,0.23869100515132638
54492,1.0,4,1,5.0,7.0,188.49,0.23860407319067875
54000,1.0,1,0,3.0,17.0,171.84,0.238015390455845
54034,3.0,5,0,3.0,14.0,145.62,0.23800636143682016
55504,3.0,5,0,3.0,14.0,145.62,0.23800636143682016
53579,9.0,2,1,3.0,15.0,228.77,0.2375302382689178
51980,0.0,5,1,3.0,9.0,141.94,0.23734610865778383
50786,9.0,3,0,1.0,6.0,112.22999999999999,0.23716641369979052
50038,1.0,2,0,2.0,27.0,127.13,0.23669934634790546
53936,1.0,1,0,2.0,17.0,146.45,0.23633226628639092
50350,0.0,2,1,4.0,29.0,127.25,0.23602302410423676
53331,1.0,2,0,5.0,11.0,156.62,0.23600544044131952
52031,0.0,5,0,7.0,6.0,142.94,0.2355525793819066
52127,0.0,5,0,3.0,6.0,139.55,0.23536138964928205
52443,9.0,5,0,0.0,27.0,122.96000000000001,0.23534781739859634
50973,9.0,5,0,0.0,27.0,122.96000000000001,0.23534781739859634
52316,0.0,1,0,0.0,14.0,125.34,0.23520947297569456
52339,0.0,3,0,2.0,24.0,162.32,0.23482745151651424
53393,4.0,3,0,8.0,15.0,197.64,0.23475326770567675
50221,0.0,2,0,2.0,32.0,129.04,0.234493292762723
51708,0.0,1,0,2.0,14.0,126.1,0.2337510957801577
50170,10.0,2,1,2.0,14.0,123.25999999999999,0.23345556313932433
55135,1.0,1,0,1.0,9.0,175.71,0.23282152483537408
52497,1.0,5,0,0.0,33.0,148.77,0.2325157764411173
55131,1.0,1,0,1.0,18.0,150.34,0.232513716658668
50273,0.0,2,1,3.0,10.0,144.87,0.2322123194077013
50516,0.0,2,0,4.0,10.0,131.62,0.2313037121470912
55495,1.0,5,0,4.0,22.0,172.74,0.2307109082687022
53438,12.0,2,1,1.0,10.0,193.61,0.2305925183576116
53237,3.0,3,0,1.0,17.0,151.42,0.23046455248988082
50752,0.0,2,0,2.0,27.0,126.78,0.23023246757384952
51635,1.0,1,0,2.0,14.0,133.1,0.22958290563152442
54084,1.0,1,0,8.0,16.0,166.05,0.22958043018849408
53129,9.0,3,1,1.0,23.0,201.32,0.22934976271524946
51154,9.0,5,1,7.0,16.0,183.21,0.22871895841461368
52222,0.0,1,0,2.0,27.0,126.78,0.22863277416899336
51743,0.0,1,1,3.0,10.0,144.87,0.22842278231017574
51900,0.0,5,0,7.0,13.0,168.11,0.2282616351751642
50430,0.0,5,0,7.0,13.0,168.11,0.2282616351751642
55049,9.0,1,1,3.0,15.0,228.77,0.22790729656590883
54611,5.0,1,1,6.0,9.0,190.82,0.22771220393778388
53053,1.0,2,0,3.0,16.0,151.1,0.22753535936491015
53843,1.0,1,0,3.0,12.0,156.17,0.22742066574817993
52893,8.0,3,1,1.0,17.0,163.15,0.227227149194589
54363,8.0,3,1,1.0,17.0,163.15,0.227227149194589
54707,3.0,3,0,1.0,17.0,151.42,0.22711370962801364
53615,9.0,3,1,3.0,13.0,160.06,0.22708274404326004
50230,3.0,3,1,2.0,31.0,147.36,0.22705701438804657
52985,11.0,2,1,3.0,16.0,148.26,0.2270327506068578
50623,11.0,2,1,0.0,9.0,168.61,0.22593402376876373
51788,9.0,1,0,7.0,16.0,199.8,0.22583250881025058
50869,0.0,3,0,2.0,24.0,162.32,0.2255548529692654
52205,9.0,1,1,3.0,21.0,121.68,0.22550461376369757
53177,11.0,3,1,3.0,9.0,221.02,0.22528333317089722
51199,1.0,1,0,2.0,6.0,127.06,0.22486835814321451
54579,1.0,1,0,3.0,30.0,153.86,0.22463090260266363
50491,9.0,2,0,0.0,9.0,117.06,0.22395274974058352
51796,4.0,1,1,5.0,8.0,165.82,0.22375718969941374
55037,1.0,1,0,3.0,28.0,151.78,0.22344513041315314
54025,1.0,5,0,4.0,22.0,172.74,0.22298707751740376
52405,8.0,3,0,0.0,14.0,124.03999999999999,0.22278198421999879
51463,9.0,1,0,8.0,17.0,197.38,0.2225348771481409
52657,9.0,3,0,0.0,20.0,115.13999999999999,0.2222940296386751
51187,9.0,3,0,0.0,20.0,115.13999999999999,0.2222940296386751
54019,1.0,3,0,9.0,30.0,160.4,0.2221705253793697
51025,0.0,5,0,7.0,25.0,140.66,0.22208577862643963
52495,0.0,5,0,7.0,25.0,140.66,0.22208577862643963
55020,3.0,1,1,4.0,22.0,146.68,0.22164806992429273
51443,1.0,3,0,4.0,10.0,142.21,0.2215882580295271
50735,9.0,2,1,3.0,21.0,121.68,0.22150437383573138
52624,9.0,5,1,7.0,16.0,183.21,0.22144189723194116
54737,1.0,1,0,2.0,15.0,168.42,0.2209026266457611
50994,9.0,1,0,0.0,9.0,120.61000000000001,0.2208016286850949
52464,9.0,1,0,0.0,9.0,120.61000000000001,0.2208016286850949
54771,1.0,1,1,9.0,12.0,253.07999999999998,0.22070211641495954
52498,0.0,1,0,2.0,11.0,131.17,0.22068194780887954
54863,4.0,3,0,8.0,15.0,197.64,0.22061094928024785
51094,14.0,3,0,7.0,12.0,192.41,0.22052566387704023
54636,1.0,4,0,5.0,35.0,187.72,0.22048343990430244
55554,1.0,1,0,8.0,16.0,166.05,0.22027885876247302
52344,0.0,1,0,1.0,8.0,139.04,0.22007597676991006
55046,1.0,1,0,2.0,17.0,174.5,0.21998117487389535
54691,1.0,5,0,8.0,7.0,199.12,0.21990713965142072
51787,9.0,3,0,0.0,11.0,120.93,0.21953276194755125
55470,1.0,1,0,3.0,17.0,171.84,0.21807848117104253
50249,0.0,4,0,4.0,6.0,138.16,0.21793785050882883
51719,0.0,4,0,4.0,6.0,138.16,0.21793785050882883
50935,8.0,3,0,0.0,14.0,124.03999999999999,0.21764253947882248
51447,5.0,5,0,0.0,6.0,129.56,0.216679807819811
55489,1.0,3,0,9.0,30.0,160.4,0.21667223493025242
50579,11.0,2,1,3.0,16.0,156.66,0.2160293834703115
54603,10.0,1,0,3.0,17.0,224.8,0.21560012206054713
52886,11.0,5,1,8.0,28.0,160.64,0.21552874010294304
51750,1.0,5,0,8.0,23.0,145.58,0.21508416847090578
50280,1.0,5,0,8.0,23.0,145.58,0.21508416847090578
55621,3.0,5,0,5.0,35.0,162.85,0.214400195774184
54151,3.0,5,0,5.0,35.0,162.85,0.214400195774184
52674,0.0,3,0,8.0,29.0,135.4,0.21439707342293024
51307,5.0,1,0,7.0,6.0,204.22,0.21410476047269242
51917,0.0,1,0,0.0,6.0,143.64,0.21266774209373465
55313,1.0,1,0,3.0,12.0,156.17,0.21215779647949748
55406,1.0,1,0,2.0,17.0,146.45,0.21210731005654368
54786,19.0,5,1,3.0,16.0,232.61,0.21189888872596988
51418,4.0,4,0,0.0,14.0,125.00999999999999,0.21163513673860615
53316,19.0,5,1,3.0,16.0,232.61,0.211490427777996
53003,5.0,2,1,3.0,9.0,151.95,0.2110480231526349
55600,10.0,1,0,5.0,10.0,201.44,0.21085685331399412
52851,1.0,2,0,3.0,26.0,148.23,0.21064345541315047
50257,3.0,4,0,0.0,14.0,124.75999999999999,0.21047362750816886
50051,29.0,5,1,2.0,14.0,142.57,0.21023185952332157
54523,1.0,1,0,3.0,16.0,151.1,0.20959038051048157
52247,21.0,4,0,0.0,14.0,125.59,0.2095850481430778
50777,21.0,4,0,0.0,14.0,125.59,0.2095850481430778
53301,1.0,2,1,9.0,12.0,253.07999999999998,0.20919587631734163
51442,0.0,3,0,2.0,9.0,149.99,0.209162411877994
53818,1.0,3,0,3.0,17.0,145.73,0.20915005252542482
54819,18.0,5,1,2.0,16.0,150.59,0.2087697833091554
54599,9.0,3,1,1.0,23.0,201.32,0.20761197044572652
51975,1.0,1,0,4.0,14.0,149.36,0.2073057335211432
51243,9.0,4,0,2.0,8.0,122.25999999999999,0.2070450327731286
53430,1.0,2,0,3.0,9.0,167.27,0.20691918735279868
51821,0.0,4,0,4.0,34.0,162.72,0.20643261931042126
54158,1.0,4,1,4.0,11.0,186.42,0.20631059705086577
54180,12.0,1,1,3.0,9.0,164.44,0.20623467415138394
50215,0.0,4,0,7.0,14.0,162.14,0.20616716547476668
51197,9.0,3,0,0.0,15.0,121.05000000000001,0.20583204093414373
52032,14.0,5,1,17.0,12.0,147.21,0.2058111920658542
50562,14.0,5,1,17.0,12.0,147.21,0.2058111920658542
53677,13.0,2,1,5.0,28.0,186.2,0.2053399318796242
50850,0.0,2,0,0.0,8.0,150.71,0.2050115455887036
51204,0.0,3,0,8.0,29.0,135.4,0.20488290233569093
51508,1.0,1,0,2.0,27.0,127.13,0.2046407268837962
55575,21.0,3,0,3.0,32.0,211.33,0.20404491443758993
53941,3.0,3,1,3.0,7.0,187.94,0.2039422646155683
53567,1.0,2,0,3.0,28.0,151.78,0.20296316045133436
51961,9.0,1,0,0.0,9.0,117.06,0.20256787210645055
50726,5.0,5,0,0.0,8.0,128.27,0.20218805447813962
50506,0.0,2,0,2.0,6.0,147.75,0.20186046629047882
52779,0.0,3,1,4.0,14.0,149.07,0.20137562288821106
50534,17.0,5,1,1.0,14.0,125.59,0.2008189789614356
53172,8.0,2,1,4.0,7.0,161.22,0.200623592885033
55031,9.0,5,1,3.0,24.0,214.66,0.20052914795884677
54130,10.0,1,0,5.0,10.0,201.44,0.1998472040015085
50887,9.0,4,1,1.0,9.0,192.78,0.1994775549968869
50207,0.0,4,1,4.0,6.0,163.49,0.19942107131374132
52753,0.0,3,0,2.0,7.0,146.17,0.19930237442370052
54577,12.0,1,1,1.0,9.0,142.02,0.19911637542024088
55085,9.0,3,1,3.0,13.0,160.06,0.19894381127112643
53212,1.0,2,1,5.0,10.0,171.47,0.19872984453217263
52357,9.0,4,1,1.0,9.0,192.78,0.1986518885828374
50963,9.0,3,1,7.0,13.0,123.08000000000001,0.19832638718432502
51824,9.0,3,0,6.0,19.0,120.96000000000001,0.1981823209927974
50188,4.0,2,1,2.0,8.0,126.94999999999999,0.1979700842075376
51376,6.0,1,0,0.0,14.0,124.96000000000001,0.1979245784385859
50294,0.0,2,0,2.0,29.0,128.86,0.19790748624775734
54321,1.0,1,0,3.0,26.0,148.23,0.1977402968097157
54890,9.0,3,1,3.0,32.0,228.88,0.19700933798548845
55330,1.0,3,0,3.0,15.0,160.17,0.19680464844689388
53860,1.0,3,0,3.0,15.0,160.17,0.19680464844689388
52320,0.0,1,0,0.0,8.0,150.71,0.19597293084759076
50453,10.0,5,1,3.0,16.0,127.82,0.19558738584556812
53883,23.0,5,1,3.0,23.0,150.87,0.19530074727762506
51783,3.0,4,0,2.0,13.0,129.83,0.1947085207879284
54738,11.0,5,1,4.0,17.0,152.82,0.19450178084544764
54473,5.0,1,1,3.0,9.0,151.95,0.194052527535984
53268,11.0,5,1,4.0,17.0,152.82,0.1938035530328607
50949,1.0,4,0,7.0,35.0,165.49,0.1934616481097565
51658,4.0,1,1,2.0,8.0,126.94999999999999,0.19341083322414626
50357,7.0,2,1,3.0,6.0,136.22,0.19331169116054006
55592,6.0,1,0,3.0,8.0,229.22,0.19329706971124244
55288,1.0,3,0,3.0,17.0,145.73,0.19322112006271955
54278,10.0,1,0,3.0,18.0,222.38,0.1929905315003907
55353,23.0,5,1,3.0,23.0,150.87,0.19278723440138887
52653,1.0,5,0,2.0,7.0,135.91,0.19239316103941134
55419,3.0,5,0,1.0,11.0,146.09,0.19225693374946767
53949,3.0,5,0,1.0,11.0,146.09,0.19225693374946767
51727,3.0,4,0,0.0,14.0,124.75999999999999,0.19225305798604012
51923,10.0,5,1,3.0,16.0,127.82,0.19206409690662504
51521,29.0,5,1,2.0,14.0,142.57,0.19126939591128894
52947,16.0,5,1,9.0,9.0,150.93,0.19109155817340281
50247,9.0,2,0,2.0,29.0,122.00999999999999,0.1906106987186906
51394,19.0,1,1,8.0,11.0,157.72,0.19012123011094148
51399,8.0,5,1,3.0,17.0,198.84,0.18997815397629209
52564,14.0,3,0,7.0,12.0,192.41,0.18996456935993197
52165,1.0,4,0,4.0,8.0,132.01,0.18970067293696163
54475,1.0,5,1,11.0,17.0,295.68,0.18932569339654232
51836,11.0,5,0,0.0,14.0,126.19,0.18915426413760789
54122,6.0,1,0,3.0,7.0,229.22,0.1887679239847872
50762,3.0,4,1,7.0,6.0,135.79,0.18839492431408292
55561,12.0,4,1,3.0,8.0,154.91,0.1877225140605523
51027,1.0,5,0,0.0,33.0,0.0,0.18740158430362577
54075,8.0,1,0,3.0,7.0,223.88,0.18726981679807053
54041,1.0,3,0,8.0,9.0,190.0,0.1870409550068899
55511,1.0,3,0,8.0,9.0,190.0,0.1870409550068899
50354,9.0,3,0,6.0,19.0,120.96000000000001,0.18701191212439877
51883,0.0,5,0,7.0,16.0,187.93,0.18598844550042615
50554,9.0,3,0,0.0,26.0,122.59,0.18582670378969657
53813,3.0,5,1,6.0,10.0,172.23,0.18564246464832293
55283,3.0,5,1,6.0,10.0,172.23,0.18564246464832293
51685,0.0,4,0,7.0,14.0,162.14,0.18517281369319258
53420,9.0,3,1,3.0,32.0,228.88,0.1850957834718723
52232,3.0,4,1,7.0,7.0,135.79,0.18490334240868975
54801,1.0,1,0,5.0,11.0,156.62,0.18486313303748625
50435,11.0,3,1,1.0,8.0,130.57,0.18478816620189709
53459,14.0,5,0,6.0,33.0,208.96,0.18466955323606343
51820,0.0,1,1,4.0,29.0,127.25,0.18437736746136776
51905,11.0,3,1,1.0,8.0,130.57,0.18435151045138917
51717,9.0,1,0,2.0,29.0,122.00999999999999,0.1841771692744473
54515,4.0,3,1,3.0,32.0,172.36,0.18398427553841895
51283,0.0,3,0,2.0,6.0,146.17,0.18377161450991517
51660,0.0,5,1,10.0,16.0,270.68,0.18360387175471327
52433,9.0,3,1,7.0,13.0,123.08000000000001,0.1834142801327388
50561,0.0,5,0,7.0,6.0,142.94,0.18333036010239007
52149,7.0,1,0,0.0,9.0,129.79,0.1830895139734172
54628,11.0,4,0,3.0,16.0,213.34,0.18303581455311682
52304,7.0,1,0,6.0,15.0,185.0,0.1828799254423109
55545,8.0,1,0,3.0,8.0,223.88,0.18281686335715405
50317,9.0,3,0,0.0,11.0,120.93,0.1826816658675282
54694,14.0,5,1,3.0,12.0,229.75,0.18263323213747215
51945,9.0,4,0,4.0,19.0,121.43,0.18239251534154222
54176,3.0,5,0,3.0,28.0,224.8,0.18221986032039209
50998,2.0,5,1,5.0,9.0,147.23,0.1821419032729277
52468,2.0,5,1,5.0,9.0,147.23,0.1821419032729277
51956,0.0,1,1,3.0,11.0,228.07999999999998,0.181904680001644
52024,9.0,3,0,0.0,26.0,122.59,0.18185845820487048
53323,16.0,2,1,3.0,9.0,150.15,0.18171570540029808
51976,0.0,1,0,2.0,6.0,147.75,0.1816946043323916
51691,0.0,1,0,2.0,32.0,129.04,0.18123801142371287
54968,12.0,3,1,3.0,17.0,212.4,0.18091716841652516
52871,5.0,2,1,3.0,19.0,164.29,0.1805374088010268
53321,1.0,2,0,3.0,7.0,172.75,0.17952176971094524
50505,1.0,2,0,4.0,14.0,149.36,0.1789453103683364
54262,6.0,5,0,1.0,7.0,154.56,0.17889081386064806
53753,18.0,3,1,3.0,9.0,227.09,0.17880647881978134
53498,12.0,3,1,3.0,17.0,212.4,0.17868576010672665
53107,12.0,2,1,1.0,9.0,142.02,0.17835502213386067
50030,5.0,2,0,7.0,14.0,189.98,0.1780241109320521
50131,0.0,3,0,2.0,6.0,148.98,0.1775322093862689
55542,2.0,3,0,5.0,23.0,146.44,0.17747056936000416
54072,2.0,3,0,5.0,23.0,146.44,0.17747056936000416
52004,17.0,5,1,1.0,14.0,125.59,0.17739398899492925
51700,3.0,3,1,2.0,31.0,147.36,0.17727276043210943
54563,4.0,3,0,5.0,19.0,190.77,0.17725961006272317
53093,4.0,3,0,5.0,19.0,190.77,0.17725961006272317
52290,1.0,1,0,5.0,7.0,166.74,0.17714100666641724
53395,9.0,2,0,9.0,10.0,203.23,0.1768016401069574
54126,18.0,1,1,3.0,7.0,149.36,0.17679785005248738
51179,20.0,4,1,10.0,10.0,203.33,0.17675591966330292
55235,7.0,3,1,1.0,15.0,188.88,0.1767173569966427
51401,6.0,1,1,12.0,29.0,234.57999999999998,0.17669382268027353
54229,9.0,5,0,3.0,7.0,146.94,0.17669251186876014
51366,0.0,3,0,3.0,17.0,140.11,0.17627855202100615
50420,20.0,3,1,13.0,9.0,237.7,0.17616744448145
51169,16.0,3,0,2.0,14.0,124.38,0.1761282506512702
52518,2.0,3,0,4.0,16.0,158.69,0.17562696832969335
51048,2.0,3,0,4.0,16.0,158.69,0.17562696832969335
52649,20.0,4,1,10.0,10.0,203.33,0.1755219429162841
50178,1.0,5,0,7.0,22.0,156.61,0.1749940128823226
51082,0.0,1,0,7.0,14.0,125.69999999999999,0.1749062612265478
54091,12.0,4,1,3.0,7.0,154.91,0.17490019384091188
50132,15.0,5,1,8.0,14.0,125.93,0.17488148955263133
52772,5.0,4,0,1.0,35.0,128.37,0.17480544192398553
55367,1.0,1,0,8.0,14.0,150.7,0.17457192004889555
51303,13.0,1,0,0.0,14.0,124.06,0.174521278149465
53553,18.0,3,0,1.0,24.0,147.9,0.17405301281074942
55023,18.0,3,0,1.0,24.0,147.9,0.17405301281074942
52043,9.0,1,0,2.0,26.0,121.57,0.17402744147298221
51269,0.0,1,0,7.0,15.0,141.05,0.17367222745066954
53897,1.0,1,0,8.0,14.0,150.7,0.17344303295661484
50746,8.0,5,1,7.0,23.0,189.66,0.17341678018441975
55411,3.0,3,1,3.0,8.0,187.94,0.1733265936537028
51313,12.0,1,0,3.0,15.0,294.31,0.17294320994467446
51159,9.0,1,0,3.0,6.0,120.44,0.1728303137803766
51183,1.0,5,0,2.0,6.0,135.91,0.17274458891966277
54865,9.0,1,0,9.0,10.0,203.23,0.17244210817549474
53233,12.0,3,1,1.0,7.0,203.61,0.17242828421287942
54703,12.0,3,1,1.0,7.0,203.61,0.17242828421287942
52988,9.0,4,0,10.0,23.0,205.2,0.17242370513980182
55223,18.0,3,1,3.0,9.0,227.09,0.1723153822645914
52713,9.0,4,0,2.0,8.0,122.25999999999999,0.17213717275999374
52093,11.0,1,1,0.0,9.0,168.61,0.17208939498718126
54908,12.0,1,1,1.0,10.0,193.61,0.17207900689406905
53158,11.0,4,0,3.0,16.0,213.34,0.17190069983532397
51017,9.0,4,0,1.0,13.0,121.41,0.17183807911868168
50764,8.0,2,1,12.0,14.0,203.77,0.1718012696986873
52639,16.0,3,0,2.0,14.0,124.38,0.17177900616983952
52487,9.0,4,0,1.0,13.0,121.41,0.17158970339322702
54791,1.0,1,0,3.0,7.0,172.75,0.17153557941726882
51966,8.0,5,0,1.0,14.0,125.59,0.17152974176803273
51500,5.0,1,0,7.0,14.0,189.98,0.17148893453734013
50413,0.0,5,0,7.0,16.0,187.93,0.17112986981145661
53050,10.0,2,0,3.0,10.0,221.99,0.17096927885015423
53765,7.0,3,1,1.0,15.0,188.88,0.17091105444470567
52075,8.0,3,1,1.0,31.0,203.88,0.1708751869660892
52629,9.0,1,0,3.0,7.0,120.44,0.17069238032304482
53575,14.0,4,0,4.0,17.0,193.52,0.17018462197127696
55045,14.0,4,0,4.0,17.0,193.52,0.17018462197127696
54900,1.0,1,0,3.0,9.0,167.27,0.16991057360319375
52795,5.0,5,0,2.0,14.0,124.38999999999999,0.16948350187945324
54511,16.0,3,1,1.0,9.0,151.96,0.16947617154353503
53041,16.0,3,1,1.0,9.0,151.96,0.16947617154353503
53865,1.0,3,0,8.0,9.0,177.06,0.16947116240072627
54191,7.0,1,0,1.0,9.0,149.96,0.16931252403394892
55379,15.0,3,0,3.0,13.0,217.41,0.16918888227207815
55464,21.0,4,1,3.0,11.0,228.33,0.16894344010970702
50893,9.0,5,0,4.0,17.0,120.99000000000001,0.1688420973092546
54181,1.0,3,0,4.0,18.0,165.11,0.16868377802052695
50925,3.0,3,0,2.0,22.0,153.01,0.168671851175158
51479,14.0,3,1,7.0,15.0,181.89,0.16816372574906813
54417,16.0,5,1,9.0,9.0,150.93,0.1680591903895123
54934,10.0,1,0,3.0,19.0,213.58,0.16779848382211207
51922,0.0,1,0,1.0,14.0,143.42,0.1677533777069807
53464,10.0,2,0,3.0,19.0,213.58,0.1677264645580472
53909,15.0,3,0,3.0,13.0,217.41,0.1670130988238338
53394,12.0,2,1,4.0,17.0,181.66,0.16686179514117705
50679,7.0,2,0,0.0,9.0,129.79,0.16669926601207005
54189,18.0,1,0,3.0,14.0,227.48,0.1664564571490847
54276,11.0,1,0,4.0,10.0,199.28,0.16637570171008625
53502,12.0,4,0,1.0,9.0,198.51,0.16637099902015448
54972,12.0,4,0,1.0,9.0,198.51,0.16637099902015448
52196,5.0,5,0,0.0,8.0,128.27,0.1663350053646515
51648,1.0,5,0,7.0,22.0,156.61,0.16614885409456678
53994,21.0,4,1,3.0,11.0,228.33,0.16604952025860464
55078,8.0,5,1,3.0,9.0,170.38,0.16603399279503556
53608,8.0,5,1,3.0,9.0,170.38,0.16603399279503556
51601,0.0,3,0,2.0,6.0,148.98,0.16559446667289876
51325,5.0,5,0,2.0,14.0,124.38999999999999,0.16543236874667733
54642,8.0,1,1,4.0,7.0,161.22,0.16541926301243756
52552,0.0,1,0,7.0,14.0,125.69999999999999,0.1653590495024846
50071,10.0,5,1,7.0,27.0,135.64,0.16531751679076956
50862,12.0,2,1,4.0,27.0,161.2,0.1652102833791243
50043,3.0,2,0,4.0,11.0,194.19,0.16511020511801255
52419,1.0,4,0,7.0,35.0,165.49,0.1648220230649175
53932,6.0,3,0,3.0,26.0,221.1,0.16460953624982383
50860,1.0,5,0,4.0,32.0,147.24,0.16444794229416868
53793,10.0,1,1,3.0,9.0,151.44,0.16424992176470396
53476,14.0,2,0,3.0,27.0,228.22,0.16407828745625927
50573,9.0,2,0,2.0,26.0,121.57,0.16407664794708682
50761,0.0,2,0,1.0,16.0,149.5,0.1640060333241757
51677,0.0,4,1,4.0,6.0,163.49,0.16395456223526406
55062,22.0,4,0,1.0,9.0,150.59,0.16367877345679388
53592,22.0,4,0,1.0,9.0,150.59,0.16367877345679388
52450,2.0,3,0,0.0,14.0,124.50999999999999,0.1636684621825677
55047,4.0,4,1,8.0,8.0,160.79,0.16350160814167164
51395,9.0,1,0,1.0,14.0,122.69,0.1633856342554492
52761,9.0,3,0,0.0,7.0,120.08000000000001,0.16323023542929532
51602,15.0,5,1,8.0,14.0,125.93,0.16310117388908021
52085,0.0,1,0,2.0,8.0,142.27,0.16295193600903152
52387,1.0,5,0,3.0,11.0,184.63,0.16275299206890417
54678,1.0,4,0,3.0,15.0,173.51,0.16263484709407414
53262,1.0,2,0,1.0,7.0,168.64,0.16255413157268955
50605,8.0,3,1,1.0,31.0,203.88,0.16247894186054496
54225,10.0,3,0,3.0,15.0,225.96,0.16233403312630115
53943,8.0,1,1,3.0,9.0,154.32,0.16226306050184108
53559,2.0,5,0,4.0,26.0,156.96,0.16224059560324797
54732,1.0,1,0,1.0,7.0,168.64,0.16215357735064176
50820,1.0,2,0,5.0,6.0,166.74,0.1620021219179328
53424,1.0,2,0,4.0,9.0,179.72,0.16198701981196315
51171,14.0,3,1,5.0,10.0,204.47,0.16157245980583113
51353,3.0,3,0,0.0,30.0,126.93,0.1615235721174894
54177,6.0,4,1,6.0,12.0,157.98,0.16133943286731858
51267,11.0,5,0,0.0,6.0,128.58,0.16131169649862168
51622,8.0,4,0,3.0,28.0,219.95999999999998,0.16129247869175092
50475,9.0,4,0,4.0,19.0,121.43,0.16123428145570443
53800,4.0,4,0,3.0,36.0,217.5,0.16120743451839434
55588,14.0,1,0,1.0,8.0,149.06,0.16107174106078348
54946,14.0,1,0,3.0,27.0,228.22,0.1610669518377755
55270,8.0,4,0,3.0,36.0,217.5,0.16096325324065167
54214,9.0,5,1,3.0,18.0,223.84,0.16095982290300354
51813,10.0,4,0,7.0,15.0,188.34,0.1602012761066831
53455,2.0,4,0,1.0,17.0,135.52,0.16009173346611863
53775,8.0,3,1,7.0,7.0,195.83,0.1597492625386772
52969,1.0,4,0,5.0,7.0,188.97,0.15946486665177184
52785,9.0,1,0,4.0,9.0,176.44,0.1594245237662412
54341,5.0,1,1,3.0,19.0,164.29,0.15874147826841506
55263,10.0,1,1,3.0,9.0,151.44,0.15867196008022547
53072,4.0,4,0,1.0,9.0,149.76,0.1583360194756855
54439,1.0,4,0,5.0,7.0,188.97,0.1581925707625646
55596,18.0,1,1,3.0,8.0,149.36,0.15798831061417504
53842,2.0,5,0,1.0,34.0,25.0,0.1579544455828805
54209,20.0,1,1,9.0,12.0,182.72,0.1578946287859391
54617,5.0,1,0,2.0,14.0,240.57,0.1578308655025758
54238,19.0,5,1,1.0,13.0,257.45,0.15760610882729037
51525,9.0,1,0,1.0,15.0,122.88,0.15729806275591401
54793,16.0,1,1,3.0,9.0,150.15,0.15714893961553897
53986,15.0,3,1,3.0,11.0,229.47,0.15699719095467995
54474,7.0,4,0,9.0,12.0,243.77999999999997,0.15693299093133153
50960,7.0,3,1,6.0,6.0,170.83,0.15692417398003775
52330,1.0,5,0,4.0,32.0,147.24,0.15672322279040915
50991,7.0,1,0,0.0,13.0,129.72,0.15660542037136077
52461,7.0,1,0,0.0,13.0,129.72,0.15660542037136077
54647,11.0,3,1,3.0,9.0,221.02,0.15658003544622215
50448,2.0,3,0,1.0,33.0,143.35,0.15648954741373453
54520,10.0,1,0,3.0,10.0,221.99,0.1562998175349505
55335,1.0,3,0,8.0,9.0,177.06,0.15629625035151037
53114,4.0,5,0,9.0,29.0,209.12,0.15623462369836053
54105,21.0,3,0,3.0,32.0,211.33,0.15612183703501098
52956,3.0,4,0,1.0,9.0,191.44,0.15609188849190408
50496,8.0,5,0,1.0,14.0,125.59,0.15595697432437028
53534,1.0,2,0,8.0,10.0,169.2,0.15584213091407076
50615,0.0,2,0,2.0,8.0,142.27,0.15580874811776393
50558,5.0,4,0,2.0,14.0,123.32,0.15533263263031993
54428,1.0,5,0,6.0,12.0,165.0,0.15533156340141752
55151,7.0,1,0,3.0,12.0,224.98,0.15518308519847457
51998,10.0,4,1,9.0,25.0,176.42,0.1550253282767849
50528,10.0,4,1,9.0,25.0,176.42,0.1550253282767849
55312,2.0,5,0,1.0,34.0,173.77,0.15481957387138623
52858,4.0,2,0,3.0,12.0,219.19,0.1544930446336486
50366,11.0,5,0,0.0,14.0,126.19,0.15441975972706037
50055,9.0,2,0,1.0,15.0,122.88,0.15376876541634701
55628,1.0,4,1,4.0,11.0,186.42,0.1536547018429226
54082,12.0,5,0,1.0,7.0,153.58,0.1536073438648447
54319,14.0,1,0,12.0,11.0,233.55,0.15351777873861797
52363,9.0,5,0,4.0,17.0,120.99000000000001,0.1533930841494049
54294,15.0,3,1,8.0,16.0,206.89,0.1532620789171576
52296,4.0,3,1,6.0,8.0,198.52,0.15322133315802053
50362,10.0,3,1,0.0,8.0,196.02,0.15316003690874513
50980,2.0,3,0,0.0,14.0,124.50999999999999,0.1530471789722986
52049,11.0,1,1,3.0,16.0,156.66,0.15291486015932856
52596,2.0,3,1,2.0,7.0,162.94,0.15286599454631422
53908,1.0,3,0,5.0,16.0,169.01,0.15277852859640367
55378,1.0,3,0,5.0,16.0,169.01,0.15277852859640367
51802,4.0,1,0,3.0,13.0,215.57,0.15233012113363587
50501,18.0,5,1,2.0,15.0,207.61,0.15223734218904625
50826,4.0,3,1,6.0,8.0,198.52,0.15211120574491258
54929,14.0,5,0,6.0,33.0,208.96,0.15210014026719007
53274,8.0,5,0,3.0,15.0,190.0,0.15198334954908363
51296,14.0,1,0,0.0,6.0,127.82,0.15193000703109746
50174,9.0,2,0,0.0,24.0,136.88,0.1519259888132271
50837,8.0,3,1,1.0,10.0,142.49,0.15160178071431057
52307,8.0,3,1,1.0,10.0,142.49,0.15160178071431057
50813,12.0,4,1,2.0,19.0,271.23,0.1515600974627035
52283,12.0,4,1,2.0,19.0,271.23,0.1515600974627035
51343,0.0,4,1,3.0,10.0,161.42,0.15139900692589597
54651,12.0,5,0,1.0,7.0,151.19,0.150783294063464
51827,7.0,1,1,3.0,6.0,136.22,0.15065992744857695
55413,8.0,1,1,3.0,9.0,154.32,0.15047813029653595
51142,9.0,5,0,4.0,15.0,122.88999999999999,0.15028068978780446
54118,14.0,1,0,1.0,7.0,149.06,0.15016727142910855
55402,6.0,3,0,3.0,26.0,221.1,0.15012866973491187
55552,12.0,5,0,1.0,8.0,153.58,0.15012668382927002
53835,5.0,5,0,4.0,9.0,178.32,0.14965810204097799
52773,13.0,1,0,0.0,14.0,124.06,0.1495549996163992
55325,14.0,1,1,4.0,23.0,204.45,0.14945226783092372
52739,0.0,1,0,7.0,15.0,141.05,0.14944805046605664
52766,14.0,1,0,0.0,7.0,127.82,0.14937555750421966
54764,19.0,3,0,1.0,9.0,147.74,0.14914937027462646
53294,19.0,3,0,1.0,9.0,147.74,0.14914937027462646
53682,6.0,4,1,3.0,9.0,165.78,0.148979397142761
55202,2.0,5,0,3.0,12.0,209.63,0.14892088867205616
50406,0.0,5,0,7.0,6.0,174.12,0.14880686189554618
55431,8.0,1,0,3.0,10.0,185.29,0.148759974105279
54140,6.0,5,0,3.0,9.0,149.39,0.14851773617626882
53377,15.0,5,1,18.0,13.0,172.21,0.14810976441439497
54847,15.0,5,1,18.0,13.0,172.21,0.14810976441439497
50878,8.0,2,0,2.0,24.0,193.62,0.14797771856006992
51291,9.0,3,0,0.0,6.0,120.08000000000001,0.14795941348757816
55064,3.0,1,1,1.0,14.0,191.23,0.14780064110940033
51971,18.0,5,1,2.0,15.0,207.61,0.14762857117268732
52421,5.0,1,0,3.0,16.0,212.44,0.1471973133633826
54894,1.0,1,0,4.0,9.0,179.72,0.14702944618923192
55230,2.0,3,0,1.0,8.0,140.63,0.14699718747128251
50990,21.0,5,0,6.0,14.0,123.66999999999999,0.14692397757305053
50508,15.0,2,1,2.0,14.0,125.15,0.14690313941419608
50486,0.0,2,1,3.0,11.0,228.07999999999998,0.1467669847352867
53362,8.0,4,0,1.0,17.0,145.08,0.14666743493362322
54832,8.0,4,0,1.0,17.0,145.08,0.14666743493362322
50313,3.0,4,0,2.0,13.0,129.83,0.14643736350150638
55220,9.0,3,0,1.0,14.0,149.04,0.14642691926823873
50035,9.0,3,0,2.0,8.0,122.31,0.14641621944786887
53706,8.0,5,0,4.0,7.0,154.96,0.1463857096695221
50409,13.0,5,1,12.0,11.0,204.75,0.14627819063176464
50275,9.0,5,0,2.0,6.0,122.18,0.1462655784426732
55119,8.0,1,0,3.0,16.0,210.0,0.1461328141583901
55001,9.0,3,0,8.0,7.0,147.58,0.1460996812071379
50393,0.0,4,0,2.0,14.0,148.51,0.14606345421446185
52410,9.0,3,0,3.0,7.0,120.63999999999999,0.14582481879738407
51439,19.0,5,1,5.0,6.0,206.73000000000002,0.14570181302361745
50940,9.0,3,0,3.0,6.0,120.63999999999999,0.14562806908619488
51392,7.0,3,0,7.0,29.0,145.68,0.14538436393398022
55176,8.0,5,0,4.0,8.0,154.96,0.14522889951627727
54818,3.0,1,0,4.0,14.0,150.32,0.14489199841836448
51890,20.0,3,1,13.0,9.0,237.7,0.14451884776241491
51986,0.0,1,0,4.0,10.0,131.62,0.14431516061922595
53961,8.0,1,0,3.0,10.0,185.29,0.14429275232909922
52028,5.0,4,0,2.0,14.0,123.32,0.14402423869366157
53577,4.0,4,1,8.0,7.0,160.79,0.1439447252994244
51764,0.0,1,0,2.0,29.0,128.86,0.1439368761306254
52234,8.0,1,1,12.0,14.0,203.77,0.1438853255561715
50439,0.0,2,0,4.0,32.0,161.8,0.14385178540751445
50314,8.0,3,1,0.0,22.0,176.32,0.14370964689373936
53594,3.0,2,1,1.0,14.0,191.23,0.14344880956165224
55456,15.0,3,1,3.0,11.0,229.47,0.14339611973868432
51315,9.0,1,0,4.0,9.0,176.44,0.14296565147206225
51393,10.0,4,0,0.0,25.0,130.22,0.14281651444900548
50034,13.0,2,0,11.0,10.0,208.55,0.14260671682828316
54925,2.0,4,0,1.0,17.0,135.52,0.14252932940885793
53855,14.0,1,1,4.0,23.0,204.45,0.14241299792052986
51978,15.0,1,1,2.0,14.0,125.15,0.142309762313721
51765,9.0,1,0,4.0,9.0,120.97,0.14228489515659407
51512,14.0,3,0,8.0,14.0,124.50999999999999,0.14202384613124952
50042,14.0,3,0,8.0,14.0,124.50999999999999,0.14202384613124952
54169,12.0,3,0,3.0,30.0,220.26,0.1420203906476343
53933,14.0,4,0,9.0,14.0,323.33,0.1419152494904448
50567,13.0,4,1,0.0,15.0,136.17,0.14188527826318786
52037,13.0,4,1,0.0,15.0,136.17,0.14188527826318786
51745,9.0,5,0,2.0,6.0,122.18,0.1417912617945064
50139,19.0,4,1,7.0,8.0,268.72,0.14161446359742244
54542,4.0,4,0,1.0,9.0,149.76,0.14159354249409048
53681,7.0,2,0,3.0,12.0,224.98,0.14149069269622513
51598,2.0,1,0,5.0,14.0,123.4,0.14139911947987982
53000,5.0,2,1,4.0,12.0,173.21,0.14124410970629175
53693,9.0,2,0,3.0,25.0,218.62,0.140909030549564
52591,9.0,1,0,1.0,16.0,121.44999999999999,0.14064469221077622
51909,0.0,1,0,4.0,32.0,161.8,0.14053267230790176
50509,9.0,5,0,3.0,14.0,123.41999999999999,0.14031006210998834
50917,1.0,5,0,3.0,11.0,184.63,0.14015226807900555
51659,6.0,4,0,3.0,11.0,218.77999999999997,0.14014992426775127
52256,9.0,3,0,1.0,7.0,112.22999999999999,0.1401249116717979
53359,2.0,3,0,3.0,16.0,148.77,0.14009031089968668
53260,10.0,5,0,10.0,15.0,200.87,0.13987645111578528
54730,10.0,5,0,10.0,15.0,200.87,0.13987645111578528
53348,3.0,2,0,4.0,14.0,150.32,0.1393454379320729
55043,10.0,5,1,3.0,8.0,227.52,0.1393292955200244
55305,5.0,5,0,4.0,9.0,178.32,0.13916083918999994
52348,8.0,1,0,2.0,24.0,193.62,0.1388538742428421
50128,2.0,2,0,5.0,14.0,123.4,0.13838646888824185
50418,11.0,3,1,0.0,6.0,178.61,0.13832498771021517
51888,11.0,3,1,0.0,6.0,178.61,0.13832498771021517
54458,9.0,4,0,10.0,23.0,205.2,0.13829260986707279
54328,4.0,1,0,3.0,12.0,219.19,0.13813656385094147
51378,9.0,3,0,8.0,15.0,122.06,0.13811950007089913
51020,4.0,5,0,3.0,8.0,153.32,0.13810547796776765
50834,7.0,2,0,6.0,15.0,185.0,0.1380830777328095
53750,9.0,3,0,1.0,14.0,149.04,0.13796238717559725
50295,9.0,2,0,4.0,9.0,120.97,0.1376585994810237
55623,13.0,1,0,7.0,31.0,245.31,0.13763521328671005
53815,13.0,3,0,7.0,13.0,207.37,0.13748343240697758
50951,5.0,1,0,3.0,16.0,212.44,0.137359275072496
54426,3.0,4,0,1.0,9.0,191.44,0.137287431337024
51185,0.0,1,0,2.0,16.0,146.84,0.1370449952229679
53760,2.0,3,0,1.0,7.0,140.63,0.13698403454107025
54153,13.0,1,0,7.0,31.0,245.31,0.1365593240563182
51410,9.0,3,0,8.0,14.0,200.96,0.1364591572869804
52918,3.0,2,0,2.0,7.0,204.18,0.1364449098444766
54379,19.0,1,0,3.0,13.0,213.65,0.13638300700089923
50343,10.0,4,0,7.0,15.0,188.34,0.13638074366609843
51784,8.0,3,1,0.0,22.0,176.32,0.13632651381697336
51464,9.0,1,0,0.0,9.0,128.35,0.13610606927365018
53758,21.0,3,1,3.0,21.0,170.91,0.13608079487823127
55482,21.0,3,0,1.0,16.0,146.05,0.135941185750968
52546,17.0,1,1,2.0,7.0,131.95,0.13591607990115254
53263,3.0,3,0,2.0,34.0,168.35,0.1355037731389014
51302,5.0,4,0,1.0,35.0,128.37,0.13545101091130796
51383,9.0,1,0,2.0,8.0,120.13999999999999,0.1353144188712288
54168,4.0,3,0,1.0,31.0,151.93,0.13521457359417474
53084,8.0,3,0,3.0,11.0,190.38,0.13514823962668693
52919,9.0,3,0,3.0,7.0,212.89,0.13501022759798062
54389,9.0,3,0,3.0,7.0,212.89,0.13501022759798062
50984,8.0,5,0,2.0,14.0,124.5,0.13495558131261254
54233,5.0,4,0,1.0,7.0,150.01,0.13472004679949906
50985,3.0,4,0,3.0,35.0,192.5,0.13470235323748908
52783,12.0,1,0,3.0,15.0,294.31,0.13455530519273315
51076,17.0,1,1,2.0,6.0,131.95,0.13452693418785142
51504,13.0,1,0,11.0,10.0,208.55,0.13440357857702612
52665,5.0,1,0,0.0,16.0,146.48,0.13427251708015436
52994,5.0,2,0,8.0,14.0,194.29,0.13423195381009437
51863,0.0,4,0,2.0,14.0,148.51,0.13422313383739662
55610,6.0,5,0,3.0,9.0,149.39,0.1335727087433019
52641,14.0,3,1,5.0,10.0,204.47,0.13333391727845176
55280,12.0,4,0,3.0,21.0,224.24,0.13329179393116583
54845,14.0,4,0,3.0,17.0,222.05,0.13328263916725183
51804,13.0,5,0,3.0,34.0,209.32,0.13326016685375586
51445,9.0,4,0,2.0,29.0,120.41999999999999,0.13320582527330602
53149,14.0,5,0,2.0,35.0,234.32,0.13303261329301916
52849,14.0,2,0,12.0,11.0,233.55,0.13277660853022463
52454,8.0,5,0,2.0,14.0,124.5,0.1326051356930477
51494,9.0,5,0,4.0,15.0,122.38,0.13246636848457277
53732,2.0,5,0,3.0,12.0,209.63,0.13243713169007443
53541,6.0,5,0,1.0,9.0,153.27,0.13218493064850462
54584,4.0,5,0,9.0,29.0,209.12,0.13211371729949026
53740,4.0,3,0,3.0,23.0,178.01,0.1320992826667793
54744,8.0,5,0,3.0,15.0,190.0,0.13207897907091942
50173,8.0,4,0,9.0,22.0,180.2,0.13203036450535563
53375,14.0,4,0,3.0,17.0,222.05,0.1318941969845289
52460,21.0,5,0,6.0,14.0,123.66999999999999,0.13188952730642123
50377,9.0,3,0,0.0,9.0,120.83000000000001,0.1318551638777355
51847,9.0,3,0,0.0,9.0,120.83000000000001,0.1318551638777355
53356,21.0,2,1,3.0,9.0,157.94,0.13174565990844783
50226,15.0,3,1,0.0,8.0,126.96000000000001,0.1316692415458156
51696,15.0,3,1,0.0,8.0,126.96000000000001,0.1316692415458156
53652,9.0,3,1,2.0,11.0,167.49,0.13165921780920914
55122,9.0,3,1,2.0,11.0,167.49,0.13165921780920914
51118,13.0,4,0,8.0,13.0,298.33,0.13162443201308258
53370,5.0,3,0,1.0,27.0,194.32,0.13161591811095458
55486,16.0,3,0,1.0,15.0,164.68,0.13157712155149032
54016,16.0,3,0,1.0,15.0,164.68,0.13157712155149032
55163,9.0,1,0,3.0,25.0,218.62,0.131503727819105
54964,8.0,1,0,1.0,10.0,154.79,0.13137180864643652
51491,3.0,5,0,30.0,11.0,132.04,0.1313047801156348
53181,12.0,5,0,1.0,7.0,151.19,0.13097206627786853
53573,10.0,5,1,3.0,7.0,227.52,0.1309568700160271
51461,10.0,1,0,3.0,9.0,174.28,0.13087685503971194
52244,16.0,1,0,7.0,9.0,297.4,0.13072937353462802
50818,9.0,3,0,7.0,16.0,170.94,0.13068152270968858
53810,12.0,4,0,3.0,21.0,224.24,0.13049663139557593
55361,18.0,1,1,3.0,8.0,156.95,0.1304916214546287
55087,17.0,1,0,3.0,11.0,227.31,0.1304325289110667
55147,13.0,1,1,5.0,28.0,186.2,0.13025608774602956
50088,0.0,3,0,7.0,26.0,199.81,0.12989238308481196
51558,0.0,3,0,7.0,26.0,199.81,0.12989238308481196
50866,6.0,2,0,2.0,11.0,199.98,0.1298691706099453
51832,10.0,3,1,0.0,8.0,196.02,0.12985364816181158
52252,7.0,3,0,0.0,14.0,125.85,0.12929406836720136
54864,12.0,1,1,4.0,17.0,181.66,0.1292257619210063
52401,7.0,5,0,9.0,21.0,270.07,0.12911860325793656
50931,7.0,5,0,9.0,21.0,270.07,0.12911860325793656
51201,15.0,3,0,0.0,14.0,139.68,0.12906709948808182
52671,15.0,3,0,0.0,14.0,139.68,0.12906709948808182
55015,19.0,3,1,3.0,14.0,169.77,0.12905284965482453
51365,11.0,1,1,2.0,8.0,139.44,0.1290046827656855
53239,17.0,2,0,3.0,22.0,193.04,0.12878583921939768
53891,18.0,1,1,3.0,7.0,156.95,0.128694483485958
51093,0.0,3,0,4.0,15.0,144.01,0.12868777697819864
52563,0.0,3,0,4.0,15.0,144.01,0.12868777697819864
50056,4.0,2,1,2.0,18.0,139.29,0.1284958069515897
53090,5.0,5,0,3.0,7.0,147.18,0.12841160037491656
55210,4.0,3,0,3.0,23.0,178.01,0.12839063644640955
52737,11.0,5,0,0.0,7.0,128.58,0.12838800223303848
54899,13.0,1,0,9.0,7.0,252.42000000000002,0.12838658667741795
50824,3.0,5,1,3.0,23.0,219.16000000000003,0.12832980966904284
55333,3.0,3,0,5.0,17.0,183.69,0.12822031630083275
53863,3.0,3,0,5.0,17.0,183.69,0.12822031630083275
54598,4.0,4,0,3.0,14.0,154.83,0.12804664762020873
52336,6.0,1,0,2.0,11.0,199.98,0.1279347386293295
50103,2.0,2,0,1.0,6.0,179.18,0.12792567661203766
53206,9.0,3,0,1.0,10.0,137.81,0.12782976789315748
53080,11.0,4,1,2.0,17.0,166.97,0.12775353727684616
54550,11.0,4,1,2.0,17.0,166.97,0.12775353727684616
52361,7.0,5,0,3.0,7.0,129.96,0.127522158135745
51260,7.0,1,0,1.0,6.0,198.88,0.12740709830442976
52153,11.0,3,1,7.0,16.0,187.4,0.12737878888403745
52376,4.0,1,0,9.0,14.0,207.93,0.12720667278726092
54538,10.0,3,0,3.0,9.0,150.43,0.12719802484128484
54739,12.0,5,1,13.0,9.0,184.8,0.12712999204585204
50891,7.0,5,0,3.0,6.0,129.96,0.1270220913889822
51433,9.0,1,0,3.0,15.0,120.75,0.1270204121507107
53649,8.0,2,0,3.0,16.0,210.0,0.1268715658951305
53617,17.0,2,0,3.0,11.0,227.31,0.126844475373919
52587,5.0,3,0,2.0,25.0,196.1,0.12680426187385962
53871,10.0,4,0,4.0,14.0,145.13,0.12679987039112167
55341,10.0,4,0,4.0,14.0,145.13,0.12679987039112167
54356,11.0,5,1,8.0,28.0,160.64,0.12670179517932603
52381,9.0,4,0,2.0,14.0,121.09,0.1266739519464424
52952,12.0,2,0,6.0,9.0,177.49,0.1266723466628342
53812,10.0,3,0,1.0,7.0,193.15,0.12657566864776879
52231,0.0,1,0,1.0,16.0,149.5,0.12631732015546754
52131,13.0,1,0,1.0,26.0,203.22,0.12629865777947316
53124,20.0,2,1,3.0,17.0,215.71,0.12627931986422483
52967,3.0,4,0,3.0,29.0,244.95999999999998,0.12626413039720596
54532,3.0,1,0,3.0,30.0,147.01,0.12624895527213223
50523,8.0,4,0,8.0,31.0,209.02999999999997,0.12620999720260678
55011,6.0,5,0,1.0,9.0,153.27,0.1258922706025811
54781,9.0,5,0,2.0,34.0,150.59,0.12581879807965238
55285,13.0,3,0,7.0,13.0,207.37,0.1257091429109438
50235,9.0,2,0,12.0,9.0,196.99,0.1254864957632083
51876,0.0,5,0,7.0,6.0,174.12,0.1252045276104122
52099,12.0,5,1,8.0,28.0,208.8,0.12519314986208915
50629,12.0,5,1,8.0,28.0,208.8,0.12519314986208915
53976,20.0,4,0,3.0,33.0,204.91,0.12518364038799526
50906,4.0,2,0,9.0,14.0,207.93,0.12510359473739754
54560,5.0,5,0,3.0,7.0,147.18,0.125051376400608
54246,30.0,1,0,3.0,14.0,197.6,0.1250269783992479
51256,8.0,5,0,4.0,24.0,0.0,0.12501056967709132
50683,11.0,3,1,7.0,16.0,187.4,0.12499341685017944
54012,21.0,3,0,1.0,16.0,146.05,0.1248961600938938
54157,13.0,5,0,3.0,13.0,224.91,0.1248439316092216
51374,17.0,1,0,17.0,13.0,202.48,0.124749234469767
54306,4.0,5,0,31.0,12.0,157.04,0.12468552194898509
50152,2.0,4,0,3.0,28.0,219.95999999999998,0.12468409370805314
53142,16.0,5,1,9.0,31.0,199.06,0.12467288697359173
50309,19.0,2,1,2.0,16.0,190.71,0.1246262111283448
51126,2.0,3,1,2.0,6.0,162.94,0.12461902662440008
53795,3.0,3,0,1.0,16.0,149.51,0.12460488115745219
51423,18.0,5,1,0.0,12.0,232.45,0.12455427163821656
50833,13.0,3,0,0.0,22.0,135.44,0.12450581926207498
52303,13.0,3,0,0.0,22.0,135.44,0.12450581926207498
50782,7.0,3,0,0.0,14.0,125.85,0.12448926380707306
55265,3.0,3,0,1.0,16.0,149.51,0.12431364213033329
50556,9.0,2,0,1.0,13.0,146.78,0.12429985096608784
53062,3.0,2,0,3.0,30.0,147.01,0.12425416587856304
53531,9.0,3,0,8.0,7.0,147.58,0.12415227432693898
52030,13.0,4,0,0.0,16.0,197.05,0.12405636837877748
51281,4.0,3,0,3.0,16.0,210.31,0.12402122069845482
52751,4.0,3,0,3.0,16.0,210.31,0.12402122069845482
52612,9.0,5,0,4.0,15.0,122.88999999999999,0.1239280226849363
53303,2.0,4,1,6.0,9.0,172.79,0.12387077756005814
54594,6.0,1,1,3.0,17.0,215.71,0.12371811977306145
54619,14.0,5,0,2.0,35.0,234.32,0.1235348634030636
51879,13.0,5,1,12.0,11.0,204.75,0.12352665893406997
50052,6.0,2,0,2.0,14.0,125.0,0.1235126247650363
50968,9.0,1,0,3.0,34.0,121.32,0.12347751281304466
52438,9.0,1,0,3.0,34.0,121.32,0.12347751281304466
52395,3.0,3,0,2.0,22.0,153.01,0.1234401744079158
51901,9.0,4,0,2.0,16.0,122.97,0.12343571016771428
51526,4.0,1,1,2.0,18.0,139.29,0.12319580797896146
50251,22.0,3,0,0.0,13.0,145.0,0.12315888845011005
55069,7.0,3,1,9.0,17.0,208.8,0.12305177509250245
54871,7.0,3,0,1.0,24.0,299.44,0.12298102918632586
53401,7.0,3,0,1.0,24.0,299.44,0.12298102918632586
51331,13.0,3,0,2.0,8.0,128.09,0.12295741621302078
52801,13.0,3,0,2.0,8.0,128.09,0.12295741621302078
53373,6.0,4,0,3.0,7.0,148.32,0.12290833781170674
51811,19.0,3,0,2.0,24.0,205.27,0.12281040720604691
51507,9.0,4,0,2.0,15.0,120.24000000000001,0.12280772350662085
51869,23.0,3,1,8.0,34.0,132.21,0.12276392870209768
54387,11.0,1,0,9.0,11.0,152.93,0.12269148809720615
51276,11.0,4,1,2.0,6.0,129.91,0.12265543075328661
53521,15.0,2,1,1.0,19.0,172.66,0.12265084031696065
55213,4.0,3,0,1.0,14.0,137.74,0.12254713534253589
53743,4.0,3,0,1.0,14.0,137.74,0.12254713534253589
55446,20.0,4,0,3.0,33.0,204.91,0.1225191781607316
51426,3.0,1,1,0.0,6.0,151.26,0.12251353651297243
54914,13.0,5,1,9.0,29.0,233.8,0.1224633883024512
53444,13.0,5,1,9.0,29.0,233.8,0.1224633883024512
54826,21.0,1,1,3.0,9.0,157.94,0.12241183761373026
55027,14.0,4,0,1.0,9.0,168.27,0.12232855978249747
50580,8.0,2,0,8.0,9.0,178.23,0.12222176631684765
52906,15.0,2,1,1.0,13.0,260.91,0.12215874789567444
55454,17.0,3,0,3.0,16.0,149.38,0.12206847406210737
51128,7.0,1,1,2.0,8.0,129.32,0.12203042733759839
53005,13.0,5,1,11.0,17.0,295.68,0.12201794715288412
52655,0.0,1,0,2.0,16.0,146.84,0.12190067865570038
51881,14.0,1,0,6.0,16.0,291.41,0.12189826486767477
54843,6.0,4,0,3.0,7.0,148.32,0.12173910198973653
51287,9.0,4,0,2.0,8.0,121.87,0.12165318757789009
52757,9.0,4,0,2.0,8.0,121.87,0.12165318757789009
50141,2.0,4,0,0.0,8.0,166.44,0.12126099594887388
54188,16.0,4,0,3.0,15.0,193.25,0.12123323534293107
54951,7.0,1,0,3.0,12.0,196.19,0.12122877857110066
50943,20.0,3,1,2.0,20.0,145.91,0.12112755610136323
52510,13.0,1,1,3.0,22.0,179.45,0.12106387957811317
54208,11.0,4,0,1.0,26.0,155.22,0.1210358375704474
52490,4.0,5,0,3.0,8.0,153.32,0.1208572196848805
53545,19.0,3,1,3.0,14.0,169.77,0.12080926586302672
51643,8.0,4,0,9.0,22.0,180.2,0.12079899752060333
54076,8.0,3,0,3.0,20.0,211.28,0.12077036903581437
50881,2.0,5,0,9.0,23.0,179.88,0.12072344815905557
52351,2.0,5,0,9.0,23.0,179.88,0.12072344815905557
53847,14.0,3,0,3.0,22.0,229.35,0.12059431427770417
55282,10.0,3,0,1.0,8.0,193.15,0.12040459911526462
53761,2.0,5,0,4.0,14.0,173.98,0.1203231417556246
55231,2.0,5,0,4.0,14.0,173.98,0.1203231417556246
52003,2.0,1,0,3.0,14.0,125.32,0.12031739888482093
51899,13.0,1,1,3.0,14.0,123.41999999999999,0.12025679442987479
52408,17.0,3,1,2.0,8.0,202.09,0.12024992327152387
51205,2.0,4,0,0.0,12.0,128.04,0.120221725688325
52675,2.0,4,0,0.0,12.0,128.04,0.120221725688325
53599,7.0,3,1,9.0,17.0,208.8,0.12009032962466933
51723,9.0,3,0,2.0,14.0,125.43,0.1200432377708628
50699,2.0,4,0,1.0,16.0,132.91,0.12003895708838075
52993,2.0,5,0,8.0,23.0,181.61,0.12003844635407082
54372,4.0,3,0,3.0,7.0,209.74,0.12002554197392662
52909,19.0,2,0,3.0,13.0,213.65,0.11991524927914805
51437,24.0,1,1,0.0,27.0,154.41,0.11991500374491366
55485,3.0,3,0,7.0,36.0,188.84,0.11990357191372988
54470,5.0,1,1,4.0,12.0,173.21,0.11986455894125872
55026,4.0,5,0,4.0,36.0,166.15,0.11984609803570914
53556,4.0,5,0,4.0,36.0,166.15,0.11984609803570914
53910,3.0,3,0,3.0,16.0,154.74,0.11984220903460852
50702,11.0,3,0,0.0,6.0,128.44,0.11969146512540836
53984,17.0,3,0,3.0,16.0,149.38,0.11966934604913601
51257,9.0,3,0,4.0,22.0,121.44,0.11965348970954232
52727,9.0,3,0,4.0,22.0,121.44,0.11965348970954232
51311,17.0,1,1,2.0,14.0,124.36000000000001,0.11959296079947453
50618,23.0,2,0,0.0,14.0,123.80000000000001,0.11957796544898995
51693,20.0,3,0,0.0,10.0,129.76,0.11939433089704274
50223,20.0,3,0,0.0,10.0,129.76,0.11939433089704274
51541,10.0,5,1,7.0,27.0,135.64,0.11936066216019668
51705,9.0,1,0,12.0,9.0,196.99,0.11931872094349942
50143,0.0,5,0,5.0,11.0,140.0,0.11929562805521766
50411,14.0,2,0,6.0,16.0,291.41,0.11914451832981414
51040,13.0,1,1,3.0,22.0,179.45,0.11908896113569313
54141,9.0,1,1,3.0,33.0,213.37,0.11896312462552155
55611,9.0,1,1,3.0,33.0,213.37,0.11896312462552155
54329,12.0,1,0,3.0,7.0,211.86,0.11888476669110941
52169,2.0,4,0,1.0,16.0,132.91,0.1188838467094828
51730,9.0,3,0,0.0,8.0,175.96,0.11886785453291857
50108,9.0,3,0,2.0,12.0,122.66999999999999,0.11886233863382069
50260,9.0,3,0,0.0,8.0,175.96,0.11866723959968004
50399,23.0,3,1,8.0,34.0,132.21,0.11851099356954466
55403,14.0,4,0,9.0,14.0,323.33,0.11842087611431754
52730,7.0,1,0,1.0,7.0,198.88,0.11833233619283308
55036,18.0,1,0,18.0,36.0,170.41,0.11826846285445751
52048,3.0,3,0,7.0,14.0,172.64,0.11826400431149642
54384,12.0,3,0,3.0,10.0,231.08999999999997,0.11825620613075422
52914,12.0,3,0,3.0,10.0,231.08999999999997,0.11825620613075422
50948,2.0,4,0,2.0,8.0,131.8,0.11816669605921185
53075,10.0,3,0,1.0,9.0,200.96,0.11813733094062807
55467,5.0,5,0,3.0,14.0,221.37,0.11812890526618247
53997,5.0,5,0,3.0,14.0,221.37,0.11812890526618247
53717,6.0,2,0,3.0,14.0,217.04,0.11804438523463787
53363,16.0,3,0,4.0,21.0,187.44,0.11797694955862124
52746,11.0,4,1,2.0,7.0,129.91,0.11796782967719946
51513,3.0,1,0,4.0,11.0,194.19,0.11771477208352188
52902,4.0,3,0,3.0,7.0,209.74,0.11768798345341419
50533,2.0,2,0,3.0,14.0,125.32,0.1176386979985648
51979,9.0,5,0,3.0,14.0,123.41999999999999,0.11758094003827843
54128,13.0,1,0,4.0,16.0,319.31,0.11757068221125955
52050,8.0,1,0,8.0,9.0,178.23,0.1174170496705314
51993,8.0,4,0,8.0,31.0,209.02999999999997,0.11739673506128057
53311,9.0,5,0,2.0,34.0,150.59,0.11735883340986829
53942,4.0,5,0,8.0,22.0,196.4,0.11735216086434894
50431,9.0,4,0,2.0,16.0,122.97,0.11734105757295545
55546,8.0,3,0,3.0,20.0,211.28,0.11733858988236602
54020,3.0,4,0,1.0,13.0,153.04,0.11707942531095251
55490,3.0,4,0,1.0,13.0,153.04,0.11707942531095251
53128,4.0,4,0,3.0,14.0,154.83,0.11706810400068247
53628,13.0,4,1,3.0,20.0,296.23,0.11706231529636324
50661,13.0,2,0,1.0,26.0,203.22,0.11696665276677211
51489,3.0,3,0,4.0,14.0,126.32,0.11692914222028658
50867,5.0,4,1,2.0,8.0,140.78,0.11674213875335707
51492,3.0,1,0,2.0,8.0,127.19999999999999,0.116660531037314
51050,0.0,3,0,7.0,8.0,152.06,0.1165884552859023
55438,20.0,1,1,3.0,9.0,318.28,0.1165670441035943
54602,16.0,3,0,1.0,12.0,145.93,0.11635845830080427
54336,30.0,5,1,3.0,15.0,167.57,0.1163034548646929
55029,2.0,5,0,4.0,26.0,156.96,0.1162935672059972
52850,8.0,3,0,3.0,9.0,147.31,0.11628321923786464
50189,6.0,4,0,3.0,11.0,218.77999999999997,0.11600101053496975
52119,9.0,1,0,8.0,18.0,188.58,0.11593498250915711
53421,4.0,5,1,8.0,15.0,239.16000000000003,0.11580784462462632
53138,9.0,3,0,10.0,7.0,172.17,0.11580133495682818
52781,17.0,1,1,2.0,14.0,124.36000000000001,0.11573699260737226
55412,4.0,5,0,8.0,22.0,196.4,0.11569225695483806
55334,10.0,5,0,3.0,12.0,205.08,0.11566950016285205
53864,10.0,5,0,3.0,12.0,205.08,0.11566950016285205
54829,2.0,3,0,3.0,16.0,148.77,0.11566287406929734
51578,9.0,3,0,2.0,12.0,122.66999999999999,0.11550161075098138
51032,13.0,3,0,12.0,21.0,204.35,0.11543082472511543
50701,2.0,2,1,2.0,14.0,150.56,0.1152051237668618
50037,9.0,4,0,2.0,15.0,120.24000000000001,0.11516095328845864
52866,30.0,5,1,3.0,15.0,167.57,0.11511467782377004
55317,14.0,3,0,3.0,22.0,229.35,0.1150547771622167
51334,8.0,1,0,1.0,6.0,129.77,0.11503701168982028
52628,6.0,5,0,6.0,14.0,131.43,0.11498932567927364
50111,16.0,2,1,9.0,22.0,260.64,0.11498881647925202
54207,8.0,3,0,8.0,30.0,170.68,0.11495978514154151
52954,20.0,4,1,8.0,9.0,293.72,0.11486658130760845
51572,10.0,1,0,8.0,10.0,127.93,0.11476608387002148
52440,13.0,5,0,1.0,15.0,154.73,0.11465932745625504
52455,7.0,4,0,3.0,35.0,192.5,0.11459510117560616
51505,9.0,3,0,2.0,8.0,122.31,0.1145843551022647
54696,15.0,1,0,7.0,17.0,316.41,0.11456009603193619
55242,9.0,4,0,3.0,23.0,211.06,0.1145425697543474
52900,20.0,5,0,3.0,7.0,218.96,0.11439834947435666
54370,20.0,5,0,3.0,7.0,218.96,0.11439834947435666
54388,3.0,1,0,2.0,7.0,204.18,0.11435779160662247
54580,4.0,1,0,5.0,10.0,145.97,0.11428808176233399
54028,2.0,4,0,1.0,10.0,153.56,0.11423454881805749
55498,2.0,4,0,1.0,10.0,153.56,0.11423454881805749
54494,17.0,5,0,3.0,14.0,224.85,0.11420005996650787
51362,5.0,4,1,5.0,11.0,132.98,0.11419631582124516
51000,12.0,3,0,6.0,12.0,182.37,0.11410398693854142
52703,15.0,5,0,7.0,12.0,233.48000000000002,0.11400358228287047
51644,9.0,1,0,0.0,24.0,136.88,0.1139523708851177
50719,0.0,2,0,7.0,9.0,144.2,0.11389479745320905
54320,8.0,3,0,3.0,9.0,147.31,0.1138400296525185
54991,15.0,1,1,1.0,19.0,172.66,0.11383768059082207
51359,7.0,1,0,2.0,25.0,126.61000000000001,0.11373002206236926
54335,19.0,5,1,4.0,11.0,175.06,0.11358421174879235
52865,19.0,5,1,4.0,11.0,175.06,0.11358421174879235
53132,16.0,3,0,1.0,12.0,145.93,0.11357927885905893
55103,10.0,3,0,8.0,17.0,195.94,0.11351552184151477
55269,9.0,5,0,3.0,8.0,149.5,0.11338868675301522
54190,20.0,5,0,2.0,9.0,314.47,0.11338346048865358
54986,3.0,1,1,3.0,15.0,175.56,0.11333616305645935
53641,5.0,3,1,3.0,9.0,223.52,0.1133332435594065
55598,13.0,1,0,4.0,16.0,319.31,0.11325354267319282
51129,6.0,4,0,7.0,8.0,151.47,0.11317545850652937
51158,6.0,5,0,6.0,14.0,131.43,0.11316043931802859
50327,15.0,5,1,8.0,30.0,174.06,0.11310539229001039
50685,1.0,4,0,7.0,9.0,176.55,0.11298970373707297
52155,1.0,4,0,7.0,9.0,176.55,0.11298970373707297
55521,5.0,3,0,3.0,11.0,164.78,0.11282700637978343
50793,7.0,5,1,2.0,8.0,145.38,0.11281297259171424
52263,7.0,5,1,2.0,8.0,145.38,0.11281297259171424
53255,19.0,3,0,2.0,9.0,191.32,0.11275386788856667
50473,15.0,2,1,2.0,6.0,160.62,0.11272835594217483
53968,20.0,1,1,3.0,9.0,318.28,0.11270881418404667
53514,3.0,4,0,2.0,17.0,157.91,0.11251331019502814
54554,8.0,3,0,3.0,11.0,190.38,0.11250468455442673
50938,17.0,3,1,2.0,8.0,202.09,0.11244907215363596
52710,1.0,1,1,7.0,7.0,168.34,0.11216395623010314
54422,12.0,1,0,6.0,9.0,177.49,0.11202728832787225
51095,2.0,3,0,2.0,15.0,129.74,0.1120023767940495
53040,3.0,3,0,3.0,9.0,171.49,0.11199016572163338
54683,11.0,1,0,1.0,17.0,171.8,0.11191092212171405
50774,16.0,2,0,7.0,9.0,297.4,0.11172076626411899
51613,0.0,5,0,5.0,11.0,140.0,0.1114780104176303
55098,13.0,4,1,3.0,20.0,296.23,0.11146918065057783
53324,10.0,5,0,4.0,15.0,148.42,0.11142839876688032
54434,11.0,1,0,2.0,13.0,190.02,0.11140941715994676
50716,9.0,3,0,7.0,6.0,122.58000000000001,0.11123206866729377
54833,16.0,3,0,4.0,21.0,187.44,0.11117958638249441
55255,14.0,5,0,2.0,16.0,179.73,0.11117146941760601
52853,2.0,2,0,3.0,28.0,152.13,0.11101478645513713
52228,9.0,5,1,7.0,7.0,202.52,0.11100527941444918
52842,9.0,4,0,7.0,7.0,197.95,0.11098634528191798
55138,8.0,3,0,1.0,33.0,145.29,0.11091574915692747
53668,8.0,3,0,1.0,33.0,145.29,0.11091574915692747
53494,8.0,2,0,1.0,10.0,154.79,0.1108950852284781
52995,13.0,2,0,3.0,7.0,221.13,0.11082213958321423
52800,18.0,3,0,1.0,26.0,148.5,0.11082209561958521
52916,31.0,2,0,1.0,10.0,146.77,0.1107485671874014
54676,9.0,3,0,1.0,10.0,137.81,0.1107428091378111
50472,8.0,3,0,2.0,14.0,125.06,0.11055346377061386
51924,11.0,5,1,12.0,8.0,159.8,0.11054793095112006
50645,9.0,3,0,3.0,6.0,120.07,0.11047525806410237
55627,13.0,5,0,3.0,13.0,224.91,0.11045068026300477
52598,7.0,1,1,2.0,8.0,129.32,0.11037751070217787
53710,10.0,5,0,3.0,23.0,181.47,0.11036699621673636
52502,13.0,3,0,12.0,21.0,204.35,0.11014739431437565
55111,5.0,3,1,3.0,9.0,223.52,0.11010879315039143
54714,14.0,1,1,4.0,9.0,148.42,0.11010857516984036
54254,20.0,5,1,6.0,7.0,231.73000000000002,0.11000696120752472
53215,8.0,4,0,3.0,16.0,211.21,0.10990438986406237
54685,8.0,4,0,3.0,16.0,211.21,0.10990438986406237
51983,5.0,1,0,2.0,6.0,123.13999999999999,0.10985712857403283
52388,17.0,3,0,3.0,11.0,131.62,0.10984617253067744
50091,14.0,2,1,0.0,12.0,235.91000000000003,0.10983370534604589
50649,9.0,2,0,8.0,18.0,188.58,0.10978794194517057
52470,12.0,3,0,6.0,12.0,182.37,0.10976823580153691
51557,3.0,3,0,8.0,6.0,184.74,0.10975276075376011
54840,5.0,3,0,1.0,27.0,194.32,0.10967797334496192
54545,10.0,3,0,1.0,9.0,200.96,0.1096463378486348
50190,12.0,5,1,10.0,16.0,270.68,0.10958765025680908
53436,29.0,4,1,8.0,25.0,188.85,0.10956369091219163
51591,4.0,3,0,2.0,9.0,236.75,0.1093802702845466
50213,2.0,2,0,2.0,15.0,139.83,0.1093156821962779
53973,7.0,5,0,7.0,15.0,156.43,0.1090966929853123
50250,1.0,2,0,7.0,15.0,152.53,0.10906766121582928
51420,9.0,1,0,0.0,12.0,130.38,0.10906224886936983
55166,3.0,5,0,10.0,24.0,204.88,0.10902183781335947
53696,3.0,5,0,10.0,24.0,204.88,0.10902183781335947
53433,24.0,2,0,1.0,16.0,148.8,0.10888669090426265
50578,3.0,3,0,7.0,14.0,172.64,0.10886161363552235
51010,8.0,1,0,1.0,13.0,126.9,0.10882159292617544
52480,8.0,1,0,1.0,13.0,126.9,0.10882159292617544
55276,8.0,1,0,1.0,14.0,154.72,0.10880489948115274
53806,8.0,1,0,1.0,14.0,154.72,0.10880489948115274
50334,13.0,5,0,3.0,34.0,209.32,0.10869339764381733
52520,0.0,3,0,7.0,8.0,152.06,0.1086900682860533
50911,9.0,4,0,2.0,14.0,121.09,0.10865531472539104
51352,30.0,5,1,0.0,9.0,126.69999999999999,0.10857104719456258
55614,10.0,1,0,1.0,18.0,191.52,0.1085565650948314
54144,10.0,1,0,1.0,18.0,191.52,0.1085565650948314
54279,10.0,1,0,1.0,10.0,153.35,0.10848552042704453
53026,14.0,2,1,3.0,7.0,199.57,0.10838229385660865
52964,11.0,2,0,2.0,13.0,190.02,0.1083561593467197
52565,2.0,3,0,2.0,15.0,129.74,0.10834936843215744
55187,6.0,1,0,3.0,14.0,217.04,0.10834526470538473
53639,4.0,5,1,9.0,24.0,244.16000000000003,0.10830026850177821
54709,17.0,1,0,3.0,22.0,193.04,0.1082132871508261
55180,10.0,5,0,3.0,23.0,181.47,0.1081768148560174
50113,25.0,3,1,12.0,8.0,290.68,0.10804620841292338
51583,25.0,3,1,12.0,8.0,290.68,0.10804620841292338
54015,3.0,3,0,7.0,36.0,188.84,0.10802143557803587
50259,9.0,4,0,2.0,17.0,122.44,0.10800331124213088
51476,16.0,3,0,2.0,34.0,147.39,0.10765646074855174
53213,11.0,2,0,1.0,17.0,171.8,0.10756098179387626
50137,11.0,2,0,5.0,8.0,152.49,0.10755286909492737
53995,14.0,5,0,8.0,19.0,169.48,0.10754534683768507
55491,17.0,3,0,15.0,13.0,318.92,0.10744528313124367
53799,9.0,5,0,3.0,7.0,149.5,0.10739478573612836
55266,7.0,5,0,3.0,15.0,188.92,0.10734123476802557
53796,7.0,5,0,3.0,15.0,188.92,0.10734123476802557
53333,12.0,4,0,3.0,16.0,153.99,0.10730266639566309
53242,13.0,4,0,7.0,10.0,188.89,0.10720645484608878
53784,16.0,1,1,3.0,9.0,226.24,0.10711387437668103
54255,6.0,3,0,8.0,13.0,175.1,0.10700718584961709
54167,31.0,5,1,1.0,10.0,151.7,0.10700625799643282
51918,2.0,3,0,1.0,33.0,143.35,0.10697237575112165
53024,17.0,5,0,3.0,14.0,224.85,0.10695973038743098
53319,11.0,3,0,1.0,23.0,188.34,0.10684577837666
54789,11.0,3,0,1.0,23.0,188.34,0.10684577837666
51611,2.0,4,0,0.0,8.0,166.44,0.10678768697605369
53038,21.0,3,0,1.0,11.0,154.76,0.10678359451331482
55527,13.0,3,0,3.0,28.0,182.36,0.10674565899642152
54057,13.0,3,0,3.0,28.0,182.36,0.10674565899642152
53269,12.0,5,1,13.0,9.0,184.8,0.10661151980371984
54051,5.0,3,0,3.0,11.0,164.78,0.1066065536900603
55004,1.0,1,0,8.0,10.0,169.2,0.10660271361915448
51607,11.0,1,0,5.0,8.0,152.49,0.10651408494120684
52859,12.0,2,0,3.0,7.0,211.86,0.1063963569083922
50724,8.0,2,0,2.0,14.0,123.75999999999999,0.10621492635541473
50507,17.0,2,1,2.0,14.0,128.18,0.1062091480602268
52397,17.0,3,0,0.0,7.0,147.68,0.10611725539574852
55380,3.0,3,0,3.0,16.0,154.74,0.10608302387032069
51732,10.0,5,0,17.0,20.0,130.34,0.10607341574718133
54547,11.0,5,0,18.0,21.0,155.34,0.10598214947308197
51553,9.0,1,0,7.0,24.0,121.53,0.10593644301951442
53911,10.0,1,0,8.0,9.0,170.02,0.10592286328673238
53068,10.0,3,0,3.0,9.0,150.43,0.105840716643386
52026,9.0,1,0,1.0,13.0,146.78,0.10581021253498067
55184,30.0,5,0,1.0,8.0,145.66,0.1057791154819756
50361,9.0,3,0,3.0,12.0,121.87,0.10571339004944544
53772,9.0,4,0,3.0,23.0,211.06,0.10548542199735886
54465,13.0,1,0,3.0,7.0,221.13,0.10547491557420388
53516,3.0,2,1,3.0,15.0,175.56,0.10546919296419204
54198,9.0,1,0,3.0,9.0,145.14,0.1052713198608629
51942,8.0,3,0,2.0,14.0,125.06,0.10520680707116603
51440,5.0,3,0,7.0,12.0,150.1,0.10507529952994407
50445,9.0,5,0,9.0,14.0,175.87,0.10504950629603474
51915,9.0,5,0,9.0,14.0,175.87,0.10504950629603474
51588,14.0,5,0,0.0,25.0,130.72,0.10501406249902984
51729,9.0,4,0,2.0,17.0,122.44,0.10491001498200643
51748,3.0,3,0,4.0,18.0,165.77,0.10485938161508605
50278,3.0,3,0,4.0,18.0,165.77,0.10485938161508605
51431,29.0,1,0,2.0,13.0,172.6,0.10481612900931742
50632,5.0,3,0,7.0,35.0,140.25,0.1048077128030683
54150,3.0,4,1,4.0,20.0,165.25,0.10473660701529532
53655,8.0,5,0,7.0,22.0,186.25,0.10468604177610832
54608,9.0,3,0,10.0,7.0,172.17,0.10465653884423676
51117,5.0,3,0,2.0,25.0,196.1,0.10457169620496609
50466,6.0,3,0,3.0,13.0,216.91000000000003,0.10456937065107362
53805,22.0,5,0,7.0,22.0,148.67,0.10456765141017167
50028,9.0,3,1,5.0,12.0,123.06,0.10447042961049814
51779,5.0,1,1,2.0,16.0,190.71,0.1043433870116256
51522,6.0,1,0,2.0,14.0,125.0,0.10413741271983681
53714,30.0,5,0,1.0,7.0,145.66,0.1040649889585986
50669,9.0,3,0,2.0,21.0,122.07,0.10394823719692299
52588,13.0,4,0,8.0,13.0,298.33,0.10393930501110898
53396,13.0,3,0,8.0,9.0,203.8,0.10391265820595776
52186,9.0,3,0,7.0,6.0,122.58000000000001,0.10388512231226156
53288,16.0,2,1,3.0,7.0,185.62,0.10383059742320762
53198,3.0,3,0,3.0,10.0,180.61,0.10381808014355565
54866,13.0,3,0,8.0,9.0,203.8,0.10374294340580865
54033,8.0,1,1,3.0,11.0,222.13,0.10370776888290366
55503,8.0,1,1,3.0,11.0,222.13,0.10370776888290366
52056,6.0,3,0,0.0,23.0,274.44,0.1036580546181889
50586,6.0,3,0,0.0,23.0,274.44,0.1036580546181889
50730,18.0,3,1,2.0,13.0,144.77,0.10359926695146347
51650,12.0,1,0,7.0,6.0,196.13,0.10357841333318832
54216,7.0,1,1,13.0,30.0,259.58,0.10357333391856074
50918,17.0,3,0,3.0,11.0,131.62,0.10346557474084056
52216,8.0,5,1,7.0,23.0,189.66,0.10331430428941239
53322,18.0,2,1,3.0,15.0,153.18,0.10328367486257213
53992,31.0,4,0,15.0,9.0,25.0,0.10311871749622216
54437,9.0,4,0,3.0,29.0,244.95999999999998,0.10311300652288455
52011,20.0,1,1,2.0,8.0,132.94,0.10310670259649854
54508,21.0,3,0,1.0,11.0,154.76,0.10306105644698504
54464,5.0,1,0,8.0,14.0,194.29,0.10287125174425996
52115,9.0,3,0,3.0,6.0,120.07,0.10283516125008327
54633,11.0,4,0,4.0,7.0,189.47,0.10279703998499193
53648,14.0,3,0,1.0,23.0,160.44,0.10274860622432765
55118,14.0,3,0,1.0,23.0,160.44,0.10274860622432765
54174,8.0,1,0,3.0,26.0,151.61,0.10274015684578067
52088,23.0,1,0,0.0,14.0,123.80000000000001,0.1025746464062744
50644,13.0,5,0,5.0,32.0,183.96,0.10254578538009994
55245,8.0,3,1,7.0,8.0,195.83,0.10237664862925797
50868,12.0,3,0,5.0,31.0,209.2,0.10230265519710095
50134,24.0,2,0,0.0,6.0,127.22999999999999,0.10230246478195827
55615,19.0,3,0,2.0,27.0,173.5,0.10229791118714265
50606,3.0,5,1,3.0,14.0,214.16000000000003,0.10213959896468013
54945,12.0,3,0,3.0,24.0,213.23,0.1021131689696415
50424,16.0,2,0,2.0,21.0,168.04,0.10206782937323092
50456,8.0,2,0,2.0,14.0,125.72,0.10206550154585198
53537,9.0,4,0,3.0,9.0,227.74,0.10203779844446995
54733,3.0,3,0,2.0,34.0,168.35,0.10203775547558491
51357,2.0,3,1,8.0,21.0,141.93,0.10191956047840102
51936,6.0,3,0,3.0,13.0,216.91000000000003,0.10191009709150979
50087,3.0,3,0,8.0,6.0,184.74,0.10186250953015814
53481,7.0,2,0,3.0,12.0,196.19,0.1018548984577543
52082,21.0,3,0,3.0,10.0,209.99,0.1015757009264911
50612,21.0,3,0,3.0,10.0,209.99,0.1015757009264911
50253,9.0,3,0,2.0,14.0,125.43,0.10146528546786951
54984,3.0,4,0,2.0,17.0,157.91,0.1014568466033646
51672,12.0,1,0,3.0,13.0,292.72,0.10137275864355766
50179,4.0,2,0,7.0,13.0,169.29,0.10137018069151309
54487,13.0,1,0,4.0,14.0,317.72,0.10133110572684195
53447,6.0,3,0,8.0,36.0,165.25,0.10114539517343622
50094,18.0,2,0,8.0,12.0,188.65,0.10109704803451118
53366,5.0,3,0,3.0,14.0,148.29,0.10096460267635146
52420,6.0,3,1,0.0,14.0,163.88,0.10094395008956739
54213,18.0,5,1,4.0,7.0,179.54,0.10088548043041314
53226,15.0,2,0,7.0,17.0,316.41,0.10087826338638092
50551,4.0,3,0,2.0,14.0,123.28999999999999,0.10080450008429492
53589,17.0,2,0,8.0,10.0,322.4,0.1007174427772234
50513,5.0,2,0,2.0,6.0,123.13999999999999,0.10061001976556169
55620,3.0,4,1,4.0,20.0,165.25,0.10059989309860223
53557,14.0,4,0,1.0,9.0,168.27,0.10056258851852419
51127,3.0,5,0,7.0,21.0,171.4,0.10034929649634795
53563,7.0,3,0,2.0,32.0,170.39,0.10028846824215669
52102,5.0,3,0,7.0,35.0,140.25,0.10021380221352454
54463,2.0,5,0,8.0,23.0,181.61,0.10002084397610478
50138,9.0,5,0,4.0,8.0,121.75999999999999,0.1000152620770877
51608,9.0,5,0,4.0,8.0,121.75999999999999,0.1000152620770877
52079,0.0,1,0,3.0,8.0,154.72,0.09998697852670071
53586,5.0,5,1,2.0,18.0,193.33,0.09995407010314779
51567,6.0,4,0,1.0,14.0,126.22,0.09993766408376557
54507,15.0,4,1,3.0,13.0,185.32,0.09983488891515374
53037,15.0,4,1,3.0,13.0,185.32,0.09983488891515374
53607,20.0,4,0,9.0,11.0,312.89,0.09981779453593623
51573,2.0,1,0,1.0,6.0,179.18,0.09971320946152797
50202,12.0,2,0,3.0,5.0,292.72,0.09969705699379713
53451,27.0,4,0,13.0,9.0,200.25,0.09968317710999622
54376,15.0,1,1,1.0,13.0,260.91,0.09952145535070622
51236,4.0,3,0,2.0,10.0,139.78,0.0995055230545223
53980,12.0,4,0,9.0,9.0,150.92,0.09934224204711736
50609,0.0,2,0,3.0,8.0,154.72,0.0992074623512281
54217,9.0,5,0,3.0,6.0,215.69,0.09920373013510944
52857,15.0,3,0,9.0,21.0,149.51,0.09908445645126082
54327,15.0,3,0,9.0,21.0,149.51,0.09908445645126082
50097,6.0,4,0,1.0,14.0,126.22,0.09895123450387461
52760,20.0,3,0,11.0,31.0,186.33,0.09890507021707862
51720,1.0,1,0,7.0,15.0,152.53,0.09887814567134282
54382,7.0,4,0,2.0,11.0,151.22,0.09883008998448581
50950,6.0,3,1,0.0,14.0,163.88,0.09873253394637745
53726,5.0,4,0,3.0,15.0,146.09,0.09860272512109235
51609,19.0,4,1,7.0,8.0,268.72,0.09859604458969644
53121,9.0,3,0,4.0,29.0,167.3,0.09858273552363879
50243,23.0,2,0,3.0,16.0,204.96,0.09851177392862859
51279,12.0,5,0,10.0,21.0,233.41000000000003,0.0984889652631558
52749,12.0,5,0,10.0,21.0,233.41000000000003,0.0984889652631558
53197,11.0,3,0,3.0,10.0,219.34,0.0984851542332832
54386,31.0,1,0,1.0,10.0,146.77,0.09841748005771814
51240,1.0,1,1,7.0,6.0,168.34,0.09839458412334451
50548,15.0,3,0,3.0,20.0,162.44,0.09837191794955412
52272,16.0,1,0,17.0,10.0,202.31,0.09832077558364997
52230,13.0,4,0,3.0,16.0,168.52,0.09831308046036212
50760,13.0,4,0,3.0,16.0,168.52,0.09831308046036212
52430,7.0,3,1,6.0,7.0,170.83,0.09829146113407736
50518,11.0,4,0,2.0,15.0,128.99,0.09825826384772868
51335,2.0,4,1,3.0,19.0,140.25,0.09820860910286075
51165,11.0,4,0,8.0,14.0,125.91999999999999,0.09818129380591424
51655,4.0,1,1,3.0,11.0,148.21,0.09807770180941415
51146,7.0,1,0,2.0,9.0,160.29,0.09806680706634952
51195,5.0,1,0,0.0,16.0,146.48,0.09801957834378343
52288,9.0,3,0,7.0,16.0,170.94,0.09797276640303491
50688,16.0,5,0,1.0,33.0,208.2,0.09796021186687044
53012,5.0,2,0,8.0,14.0,200.47,0.0979532455528125
54920,19.0,4,0,5.0,31.0,146.77,0.0978914031849257
53450,19.0,4,0,5.0,31.0,146.77,0.0978914031849257
50819,19.0,5,0,7.0,6.0,134.23,0.09785785521585139
54415,3.0,1,0,3.0,27.0,194.31,0.09785438428590897
50995,11.0,4,0,7.0,20.0,199.24,0.09780007834007944
53019,7.0,2,0,2.0,17.0,171.82,0.09777538215724615
51868,10.0,1,0,0.0,16.0,146.8,0.09776730191895955
55443,7.0,5,0,7.0,15.0,156.43,0.09776402330081799
53597,8.0,3,0,1.0,27.0,150.85,0.09775793100450314
51514,11.0,1,0,7.0,6.0,186.86,0.09772070725572032
54704,18.0,3,0,5.0,31.0,162.08,0.09769593660369247
53234,18.0,3,0,5.0,31.0,162.08,0.09769593660369247
50614,12.0,2,0,3.0,6.0,227.42000000000002,0.0976577889488283
53016,5.0,3,0,3.0,14.0,214.43,0.09757832130853196
53475,12.0,3,0,3.0,24.0,213.23,0.09749633763079188
55109,4.0,5,1,9.0,24.0,244.16000000000003,0.09749389064721685
53001,5.0,5,0,1.0,9.0,189.1,0.09748728908579635
54201,9.0,1,0,1.0,11.0,144.51,0.09746110945096521
51121,9.0,1,0,1.0,16.0,121.44999999999999,0.09744719393541108
55450,12.0,4,0,9.0,9.0,150.92,0.09740632948852955
54760,10.0,4,0,5.0,20.0,146.43,0.09733083070173688
51831,9.0,3,0,3.0,12.0,121.87,0.0973129171547928
54591,9.0,3,0,4.0,29.0,167.3,0.09728811163946385
55174,4.0,5,0,3.0,14.0,172.79,0.09725818132059158
53704,4.0,5,0,3.0,14.0,172.79,0.09725818132059158
52949,25.0,2,0,1.0,7.0,152.23,0.09722848127937032
50792,19.0,4,0,8.0,10.0,287.89,0.09717145597811427
54482,5.0,1,0,8.0,14.0,200.47,0.09712413601382021
52139,9.0,3,0,2.0,21.0,122.07,0.09703913949070812
52280,9.0,4,0,1.0,7.0,120.96000000000001,0.09693234478782087
53017,13.0,2,0,4.0,6.0,317.72,0.0969293222568502
54223,24.0,3,1,9.0,14.0,312.4,0.0968916534014253
55254,16.0,1,1,3.0,9.0,226.24,0.09686814057572052
52590,3.0,5,0,7.0,8.0,149.68,0.09683019821905763
51120,3.0,5,0,7.0,8.0,149.68,0.09683019821905763
50840,7.0,5,0,6.0,21.0,161.25,0.09681169233067409
55067,8.0,3,0,1.0,27.0,150.85,0.09679805176411888
53633,10.0,3,0,8.0,17.0,195.94,0.09679702403835783
50922,17.0,4,0,3.0,26.0,134.2,0.09674936582863487
52392,17.0,4,0,3.0,26.0,134.2,0.09674936582863487
55227,7.0,4,0,3.0,11.0,163.38,0.09669406178769545
52676,16.0,3,0,14.0,12.0,293.92,0.09643828253656091
54519,10.0,1,0,1.0,7.0,191.53,0.09634559501143473
52776,11.0,3,0,11.0,16.0,232.06,0.09633161327801969
51776,8.0,3,0,3.0,28.0,142.3,0.09630175645014899
55302,4.0,4,0,2.0,14.0,146.41,0.0962161089664598
53388,3.0,2,0,3.0,27.0,146.57,0.09618299808269215
55322,12.0,3,1,3.0,9.0,202.56,0.09613856527764679
54667,11.0,3,0,3.0,10.0,219.34,0.09609861147539181
53811,12.0,4,0,3.0,23.0,166.98,0.09609586275358326
51977,17.0,1,1,2.0,14.0,128.18,0.09608460122900475
50750,3.0,3,0,9.0,13.0,134.91,0.09603962622876198
53507,13.0,4,0,4.0,16.0,192.82,0.09601969965221217
54977,13.0,4,0,4.0,16.0,192.82,0.09601969965221217
54792,18.0,1,1,3.0,15.0,153.18,0.09600191817408583
50306,8.0,3,0,3.0,28.0,142.3,0.0956060196062776
50342,14.0,5,0,8.0,8.0,265.95,0.09558935589087962
50722,8.0,4,0,4.0,8.0,202.74,0.09552945826620295
55435,5.0,1,0,8.0,36.0,179.68,0.09551147593474578
53332,6.0,4,0,4.0,12.0,190.24,0.09550377347022931
53738,7.0,5,0,4.0,14.0,168.73,0.09545404703295648
55381,10.0,1,0,8.0,9.0,170.02,0.09544972939448702
54803,12.0,4,0,3.0,16.0,153.99,0.09544360211559735
54312,9.0,4,0,7.0,7.0,197.95,0.09525131959480161
52945,3.0,2,0,3.0,27.0,194.31,0.09524267322894561
52105,9.0,4,0,4.0,30.0,121.77000000000001,0.09523574687972151
50635,9.0,4,0,4.0,30.0,121.77000000000001,0.09523574687972151
54525,11.0,5,0,4.0,17.0,159.52,0.09522986459793854
50810,9.0,4,0,1.0,6.0,120.96000000000001,0.09519463534793463
53010,6.0,4,1,10.0,15.0,177.28,0.09517363058546562
50758,9.0,5,1,7.0,6.0,202.52,0.09510593520410265
51683,2.0,1,0,2.0,15.0,139.83,0.09504598729315689
53658,14.0,4,0,4.0,7.0,148.87,0.09503923582446862
51597,12.0,3,0,3.0,8.0,209.38,0.09503558959151331
55539,16.0,1,1,1.0,19.0,175.87,0.09502084636019024
54969,3.0,1,0,8.0,35.0,150.14,0.09494567567019513
53926,20.0,1,1,3.0,9.0,228.68,0.09494172662499342
55396,20.0,1,1,3.0,9.0,228.68,0.09494172662499342
52254,6.0,3,1,8.0,16.0,183.8,0.09492840597726321
50927,17.0,3,0,0.0,6.0,147.68,0.09492058229074878
51590,18.0,1,0,7.0,6.0,292.02,0.09489213289933345
52294,3.0,5,1,3.0,23.0,219.16000000000003,0.09483108674091101
53917,6.0,3,0,4.0,17.0,159.33,0.09481887148045268
55387,6.0,3,0,4.0,17.0,159.33,0.09481887148045268
55068,18.0,4,0,11.0,12.0,307.13,0.09480133715604279
54489,7.0,1,0,2.0,17.0,171.82,0.09477328530372085
55616,14.0,3,0,3.0,9.0,153.09,0.09475507360099956
52635,11.0,4,0,8.0,14.0,125.91999999999999,0.09471757852205244
52572,5.0,3,0,3.0,16.0,134.33,0.09468925569392161
51102,5.0,3,0,3.0,16.0,134.33,0.09468925569392161
54232,3.0,4,0,5.0,9.0,152.03,0.09465703101994352
53094,15.0,5,0,8.0,7.0,208.92,0.09458281941214618
52599,6.0,4,0,7.0,8.0,151.47,0.09449430792713494
53944,7.0,4,0,8.0,9.0,176.47,0.09444689823108049
50651,16.0,2,0,0.0,31.0,234.0,0.09443572691314425
53004,7.0,4,0,9.0,12.0,243.77999999999997,0.09442215729796492
52172,11.0,3,0,0.0,6.0,128.44,0.09439787155042571
53578,16.0,5,1,1.0,33.0,256.91,0.09437781438664171
53110,4.0,2,0,5.0,10.0,145.97,0.09434890545214311
53763,3.0,4,0,3.0,9.0,156.8,0.09431895773326943
52912,7.0,4,0,2.0,11.0,151.22,0.09431596144412432
53246,3.0,4,0,3.0,17.0,147.97,0.09424145947001415
52372,5.0,1,0,3.0,13.0,192.04,0.09423999460961051
52981,23.0,5,1,3.0,17.0,311.65,0.09417807262803907
54451,23.0,5,1,3.0,17.0,311.65,0.09417807262803907
53757,7.0,4,0,3.0,11.0,163.38,0.09412242422086671
50478,3.0,2,1,0.0,8.0,168.77,0.09409339138991223
54970,2.0,4,0,8.0,10.0,201.55,0.0940096899253444
53500,2.0,4,0,8.0,10.0,201.55,0.0940096899253444
50341,19.0,3,0,2.0,24.0,205.27,0.09397605055767576
50180,12.0,2,0,7.0,6.0,196.13,0.09391636089483378
53535,4.0,3,0,5.0,17.0,190.78,0.09390977368282688
51414,9.0,5,0,2.0,6.0,121.94,0.09389374850523784
53635,2.0,2,0,6.0,7.0,191.74,0.09387964905112789
53808,8.0,1,0,2.0,7.0,179.84,0.09386638957644267
50204,6.0,2,0,1.0,16.0,146.82,0.09384403475535755
53049,10.0,2,0,1.0,7.0,191.53,0.09384237147386115
52620,4.0,1,0,7.0,35.0,154.68,0.09379491041118251
55196,5.0,4,0,3.0,15.0,146.09,0.09375788917446289
51852,10.0,3,0,8.0,9.0,194.34,0.09369438045377344
52803,9.0,3,0,2.0,8.0,120.00999999999999,0.09368642920976766
50269,7.0,3,0,2.0,10.0,165.38,0.09367688391179245
55519,5.0,1,1,5.0,17.0,190.83,0.09362911118474303
54258,2.0,3,0,5.0,11.0,167.21,0.09362805185694324
50942,6.0,4,0,2.0,10.0,138.38,0.09350614208808353
50802,16.0,2,0,17.0,10.0,202.31,0.09350180108330917
52158,16.0,5,0,1.0,33.0,208.2,0.09335820458414817
50795,30.0,2,0,4.0,24.0,205.12,0.0933411164229341
55059,17.0,1,0,8.0,10.0,322.4,0.09332426591032744
55480,6.0,1,0,1.0,17.0,171.48,0.09326193216551527
54903,24.0,1,0,1.0,16.0,148.8,0.09323302824269857
54260,18.0,4,0,3.0,30.0,145.42,0.09321786826856687
51039,10.0,4,0,7.0,16.0,139.36,0.09319771173389249
53852,12.0,3,1,3.0,9.0,202.56,0.09315067691751307
54480,6.0,4,1,10.0,15.0,177.28,0.09308586673829797
50706,14.0,2,1,0.0,18.0,147.66,0.09305545658572102
54612,16.0,5,1,9.0,31.0,199.06,0.09302575514993072
52338,12.0,3,0,3.0,31.0,209.2,0.09298853594673541
53486,11.0,2,1,1.0,17.0,191.94,0.09298085108554915
55581,15.0,1,0,1.0,8.0,152.82,0.09288056101476179
52084,12.0,1,0,3.0,6.0,227.42000000000002,0.0927878183645067
55228,21.0,3,1,3.0,21.0,170.91,0.0927769166151703
50149,10.0,2,0,1.0,12.0,165.02,0.09273417036541778
52368,10.0,3,0,3.0,11.0,135.0,0.09259556872068739
54725,19.0,3,0,2.0,9.0,191.32,0.09255469886792438
51233,15.0,5,0,7.0,12.0,233.48000000000002,0.09252519768262116
54111,15.0,1,0,1.0,7.0,152.82,0.09252101778631122
53214,24.0,3,1,9.0,35.0,157.21,0.09250271613623232
50102,10.0,2,0,8.0,10.0,0.0,0.09234903181277826
55275,22.0,5,0,7.0,22.0,148.67,0.09229884684019185
50452,2.0,2,0,1.0,5.0,143.42,0.09225495986580584
52670,2.0,3,0,6.0,35.0,163.84,0.09223406492132408
51797,15.0,5,1,8.0,30.0,174.06,0.09214022404706222
54069,16.0,1,1,1.0,19.0,175.87,0.09210515192343184
51398,17.0,5,1,3.0,6.0,154.54,0.09207367869639184
51698,21.0,3,0,3.0,35.0,225.04000000000002,0.09204195452374626
51926,8.0,1,0,2.0,14.0,125.72,0.09202137962779622
50083,9.0,2,0,7.0,24.0,121.53,0.09202131447781764
55306,10.0,3,1,2.0,19.0,171.63,0.09200486913659107
53836,10.0,3,1,2.0,19.0,171.63,0.09200486913659107
53055,11.0,5,0,4.0,17.0,159.52,0.09199617645217038
51333,9.0,3,0,2.0,8.0,120.00999999999999,0.09199424724552097
53739,8.0,5,0,13.0,10.0,172.59,0.09197507552450201
55209,8.0,5,0,13.0,10.0,172.59,0.09197507552450201
54049,5.0,1,1,5.0,17.0,190.83,0.09190377415826598
52200,18.0,3,1,2.0,13.0,144.77,0.09187886283670929
54565,2.0,5,0,9.0,24.0,170.58,0.09183341646120195
53095,2.0,5,0,9.0,24.0,170.58,0.09183341646120195
53271,9.0,2,0,3.0,15.0,150.72,0.09168518951347188
52181,8.0,3,0,4.0,14.0,143.23,0.0916784847592952
50711,8.0,3,0,4.0,14.0,143.23,0.0916784847592952
50541,20.0,2,1,2.0,8.0,132.94,0.0916459280992138
52194,8.0,1,0,2.0,14.0,123.75999999999999,0.09160704837309416
52980,2.0,2,0,3.0,15.0,158.1,0.0914994120491369
52332,12.0,1,1,4.0,27.0,161.2,0.09148853152172462
53078,14.0,4,0,4.0,9.0,182.15,0.09145178219140601
54548,14.0,4,0,4.0,9.0,182.15,0.09145178219140601
52943,3.0,2,0,6.0,22.0,148.4,0.09142435061805765
52465,11.0,4,0,7.0,20.0,199.24,0.09140105865368289
50228,21.0,3,0,3.0,35.0,225.04000000000002,0.09137658151950785
51889,17.0,3,0,4.0,30.0,137.08,0.09137001520336033
50419,17.0,3,0,4.0,30.0,137.08,0.09137001520336033
52706,4.0,3,0,2.0,10.0,139.78,0.09124903759116175
54323,2.0,1,0,3.0,28.0,152.13,0.09124755007415684
54716,3.0,4,0,3.0,17.0,147.97,0.09118925141559367
51361,2.0,5,0,8.0,27.0,199.8,0.0910681607038644
51581,16.0,1,1,9.0,22.0,260.64,0.09105893062288273
53510,2.0,4,0,5.0,9.0,157.01,0.09095424933947094
53987,4.0,3,0,3.0,17.0,221.67,0.09093287466676495
55457,4.0,3,0,3.0,17.0,221.67,0.09093287466676495
51741,9.0,1,0,2.0,27.0,122.58000000000001,0.09092117802530372
51527,9.0,4,0,2.0,33.0,123.11000000000001,0.09092015403310572
54401,13.0,3,0,3.0,7.0,147.32,0.09091476542601414
51735,10.0,4,1,1.0,16.0,141.97,0.09087909927812621
50265,10.0,4,1,1.0,16.0,141.97,0.09087909927812621
54710,8.0,3,0,4.0,15.0,186.42,0.09084501682849737
52467,9.0,3,0,0.0,7.0,168.15,0.0908131243441186
50896,20.0,2,0,2.0,6.0,134.2,0.09078339285802799
51569,11.0,3,0,13.0,9.0,206.08999999999997,0.09069162927822476
50099,11.0,3,0,13.0,9.0,206.08999999999997,0.09069162927822476
55518,16.0,5,0,8.0,13.0,258.48,0.09064029601917166
50211,13.0,2,1,2.0,6.0,174.57,0.09055783780995592
53086,17.0,2,0,3.0,28.0,147.58,0.09052876442405912
52936,5.0,3,0,3.0,10.0,261.75,0.0904838831579767
54406,5.0,3,0,3.0,10.0,261.75,0.0904838831579767
53503,17.0,5,0,2.0,34.0,233.2,0.09042067833767461
54660,7.0,3,0,3.0,15.0,196.04,0.0904056240633
50398,10.0,2,0,0.0,16.0,146.8,0.09036000650768776
55128,14.0,4,0,4.0,8.0,148.87,0.09025585657714802
52273,9.0,4,1,12.0,8.0,154.1,0.09023871879524148
50803,9.0,4,1,12.0,8.0,154.1,0.09023871879524148
55152,6.0,4,1,3.0,9.0,165.78,0.09021023783691498
54973,17.0,5,0,2.0,34.0,233.2,0.0901763830865281
54413,3.0,1,0,6.0,22.0,148.4,0.09017442799116725
51674,6.0,1,0,1.0,16.0,146.82,0.09016584389171435
52509,10.0,4,0,7.0,16.0,139.36,0.0900364713948024
53137,15.0,2,0,11.0,17.0,187.3,0.09000393767912217
54450,2.0,1,0,3.0,15.0,158.1,0.08998790917248914
52804,8.0,1,0,1.0,7.0,129.77,0.08998129633993192
52391,13.0,3,0,2.0,14.0,123.44999999999999,0.08996827176961775
51564,18.0,1,0,8.0,12.0,188.65,0.0899412028811299
54808,9.0,4,0,9.0,32.0,234.02999999999997,0.08982883973476677
53947,12.0,4,0,6.0,9.0,149.68,0.08979032412008228
55417,12.0,4,0,6.0,9.0,149.68,0.08979032412008228
51812,14.0,5,0,8.0,8.0,265.95,0.08978282936519144
51172,3.0,3,0,2.0,16.0,196.67,0.08970340903520704
52642,3.0,3,0,2.0,16.0,196.67,0.08970340903520704
51537,9.0,4,0,3.0,15.0,122.78999999999999,0.08967991398953248
52963,2.0,2,0,5.0,16.0,145.7,0.08967377204906728
50171,15.0,4,0,8.0,32.0,235.25,0.08953485208838859
51021,9.0,3,1,1.0,18.0,146.63,0.08952307259877715
52491,9.0,3,1,1.0,18.0,146.63,0.08952307259877715
54471,5.0,5,0,1.0,9.0,189.1,0.08951919817507999
54891,4.0,5,1,8.0,15.0,239.16000000000003,0.08944439534461633
53163,11.0,4,0,4.0,7.0,189.47,0.08942604093910977
50417,9.0,5,0,3.0,14.0,217.13,0.08940442035842411
53598,18.0,4,0,11.0,12.0,307.13,0.08940140550712128
55447,14.0,5,0,3.0,9.0,158.77,0.08933363345095456
53145,3.0,2,0,3.0,26.0,167.62,0.08930149877686983
52926,17.0,2,1,10.0,23.0,285.64,0.08929368586086349
55191,5.0,1,0,10.0,15.0,232.93,0.08920667552526901
54021,17.0,3,0,15.0,13.0,318.92,0.0891777985394561
54514,11.0,5,1,8.0,13.0,184.74,0.08907274542074228
52114,13.0,5,0,5.0,32.0,183.96,0.0890268083484912
54917,6.0,3,0,8.0,36.0,165.25,0.08902164966071115
50323,8.0,3,0,9.0,6.0,147.17,0.08894260061441019
54137,8.0,3,0,8.0,35.0,192.12,0.08890176482928243
55607,8.0,3,0,8.0,35.0,192.12,0.08890176482928243
52051,12.0,3,0,7.0,8.0,178.8,0.08884997986467207
50127,12.0,3,0,3.0,8.0,209.38,0.08873962844357698
52631,19.0,4,0,2.0,32.0,179.91,0.08873817981622635
50660,11.0,3,0,9.0,23.0,188.23,0.08872576275347058
53190,7.0,3,0,3.0,15.0,196.04,0.08871204068057106
53248,9.0,5,0,1.0,9.0,175.93,0.08867602240400142
50997,9.0,3,0,0.0,6.0,168.15,0.08867229695562452
53101,4.0,2,0,3.0,9.0,185.91,0.08856399552382987
55372,11.0,1,0,3.0,8.0,220.25,0.08846707939051901
52917,11.0,2,0,9.0,11.0,25.0,0.08846334888421888
50382,10.0,3,0,8.0,9.0,194.34,0.08845764533465021
55324,11.0,4,0,8.0,17.0,164.36,0.08836065224796316
55188,8.0,4,0,3.0,8.0,157.94,0.08832049079441932
51290,20.0,3,0,11.0,31.0,186.33,0.08829279484267952
54499,4.0,3,0,3.0,12.0,186.18,0.0882803913732577
53314,4.0,2,0,4.0,12.0,162.61,0.08816988056402703
53771,20.0,4,0,2.0,10.0,291.06,0.08816460736562791
54048,16.0,5,0,8.0,13.0,258.48,0.08814432235886575
54784,4.0,1,0,4.0,12.0,162.61,0.0881250930100927
53683,13.0,3,0,6.0,32.0,234.2,0.08810826727053636
54772,9.0,3,0,3.0,14.0,227.21,0.08794343136783724
53302,9.0,3,0,3.0,14.0,227.21,0.08794343136783724
50996,11.0,4,0,2.0,22.0,141.98,0.08792210113368595
50054,19.0,5,0,7.0,6.0,204.53,0.08786606809053364
54419,25.0,1,0,1.0,7.0,152.23,0.0878132149336596
54172,3.0,3,1,9.0,22.0,166.93,0.08781138708424255
54626,20.0,3,0,3.0,25.0,230.27,0.08778013872897193
52982,10.0,4,0,8.0,10.0,169.85,0.08773590666733862
55376,9.0,1,1,5.0,9.0,174.3,0.08771176988263184
53906,9.0,1,1,5.0,9.0,174.3,0.08771176988263184
52176,14.0,1,1,0.0,18.0,147.66,0.0876731525078052
51524,19.0,5,0,7.0,6.0,204.53,0.08761628543073861
53659,10.0,5,0,14.0,14.0,171.39,0.08760781496209043
54110,16.0,5,1,3.0,25.0,179.1,0.08760365643564799
50560,13.0,4,0,0.0,16.0,197.05,0.08754318433613588
52953,6.0,5,0,5.0,9.0,146.76,0.0875085889511784
54423,6.0,5,0,5.0,9.0,146.76,0.0875085889511784
54790,2.0,1,0,5.0,15.0,174.36,0.08745335410391682
50322,14.0,2,0,10.0,16.0,162.3,0.08742441219535983
53320,2.0,2,0,5.0,15.0,174.36,0.08737470303314228
53244,14.0,2,1,4.0,9.0,148.42,0.08725771870851154
53267,3.0,2,0,2.0,6.0,168.42,0.08718713551273707
54971,20.0,3,0,10.0,10.0,299.65,0.08709398109768329
50192,22.0,3,1,7.0,6.0,239.64,0.0870813928338785
50057,9.0,4,0,2.0,33.0,123.11000000000001,0.0870293748793339
52922,16.0,2,0,16.0,11.0,317.32,0.0870056984379038
54510,3.0,3,0,3.0,9.0,171.49,0.08700302359840494
50114,5.0,4,0,2.0,10.0,139.31,0.08695014888913703
54741,9.0,1,0,3.0,15.0,150.72,0.08690730616278909
51497,8.0,4,0,6.0,6.0,172.95,0.08687030573782582
54013,20.0,1,0,3.0,9.0,210.78,0.08686112947270093
52289,19.0,5,0,7.0,7.0,134.23,0.08685262347713016
52189,0.0,1,0,7.0,9.0,144.2,0.08669708056116357
54706,4.0,1,0,8.0,34.0,178.04,0.08666633961546835
52931,13.0,3,0,3.0,7.0,147.32,0.08652747602647654
50421,3.0,2,0,7.0,33.0,153.04,0.08651857091660814
55286,3.0,1,0,3.0,9.0,213.53,0.08641791368596258
52418,2.0,4,0,2.0,8.0,131.8,0.08632758275583174
51988,11.0,4,0,2.0,15.0,128.99,0.08622472399024919
54342,8.0,4,0,3.0,34.0,148.11,0.08621277573922308
54869,10.0,1,0,8.0,15.0,175.79,0.08621168821798718
51180,13.0,5,0,7.0,18.0,144.48,0.08609816323085757
54414,16.0,5,1,3.0,24.0,190.45,0.08609605231084304
53977,14.0,5,0,3.0,9.0,158.77,0.08607411800514736
50121,4.0,3,0,2.0,9.0,236.75,0.08604868910026296
51646,14.0,4,0,4.0,8.0,260.15,0.08596708610922808
50176,14.0,4,0,4.0,8.0,260.15,0.08596708610922808
52121,16.0,1,0,0.0,31.0,207.98000000000002,0.08596192918462663
54692,6.0,1,0,8.0,10.0,236.58999999999997,0.08591520128698456
54607,15.0,1,0,11.0,17.0,187.3,0.08586351772304662
54556,17.0,1,0,3.0,28.0,147.58,0.08580953993449714
51653,11.0,4,0,3.0,31.0,220.61,0.0857793877378516
52805,2.0,4,1,3.0,19.0,140.25,0.08572307471325075
50817,3.0,2,0,7.0,12.0,146.27,0.08571407953401176
52960,10.0,2,0,12.0,13.0,157.1,0.08569093277685125
53721,5.0,2,0,10.0,15.0,232.93,0.08567503074764944
55251,3.0,5,0,3.0,15.0,222.15,0.08565446777500296
55007,9.0,4,0,3.0,9.0,227.74,0.08565208311332387
51438,3.0,4,1,7.0,10.0,152.09,0.08565055004211579
51498,9.0,3,1,5.0,12.0,123.06,0.08561950240987162
53511,9.0,2,0,3.0,18.0,174.68,0.08555910977232783
51586,9.0,3,0,2.0,6.0,122.32,0.0855434777683035
54955,8.0,1,0,5.0,10.0,202.56,0.08550230354516865
53834,19.0,5,0,6.0,33.0,168.85,0.08546322066321832
52774,9.0,4,0,2.0,7.0,122.69,0.08544307375533305
50499,3.0,2,0,3.0,11.0,137.61,0.08542898875115892
55483,20.0,1,0,3.0,9.0,210.78,0.08537828036589191
55203,18.0,3,0,4.0,12.0,156.62,0.0853513864386306
53733,18.0,3,0,4.0,12.0,156.62,0.0853513864386306
51518,9.0,4,0,2.0,9.0,120.88,0.08534973444708663
51096,9.0,1,0,7.0,8.0,145.02,0.08532764478520008
53783,19.0,1,0,4.0,35.0,146.32,0.08528449282463295
55253,19.0,1,0,4.0,35.0,146.32,0.08528449282463295
54936,17.0,1,0,1.0,32.0,232.98000000000002,0.08521498208890367
53525,8.0,3,0,4.0,16.0,182.14,0.08517688503999238
53785,14.0,5,0,2.0,16.0,179.73,0.08515888346404589
50877,10.0,3,0,2.0,17.0,136.29,0.08514621423438751
54193,4.0,3,0,9.0,16.0,147.06,0.0850990892165629
55580,16.0,5,1,3.0,25.0,179.1,0.08507786917418449
52867,7.0,2,0,3.0,9.0,150.0,0.08505502949466301
51577,15.0,1,0,15.0,10.0,292.32,0.0850254154551153
53954,16.0,4,0,5.0,19.0,152.66,0.08501719806798366
55424,16.0,4,0,5.0,19.0,152.66,0.08501719806798366
52731,7.0,3,0,1.0,19.0,186.28,0.08497953606742609
54668,3.0,3,0,3.0,10.0,180.61,0.08491457564325602
50686,19.0,3,0,9.0,9.0,274.65,0.08487327631119629
52813,0.0,4,1,3.0,10.0,161.42,0.08484199900770062
52171,2.0,1,1,2.0,14.0,150.56,0.08477491787878014
52712,12.0,3,0,2.0,27.0,157.36,0.08473479143855578
51242,12.0,3,0,2.0,27.0,157.36,0.08473479143855578
54430,10.0,1,0,12.0,13.0,157.1,0.08472183262005659
53389,9.0,3,0,1.0,25.0,171.01,0.08469954142336915
53399,10.0,2,0,8.0,15.0,175.79,0.08468523107516923
51887,9.0,5,0,3.0,14.0,217.13,0.08467193875417293
54333,10.0,4,0,3.0,10.0,145.88,0.08450651043308302
54085,6.0,1,0,3.0,12.0,221.79,0.08449927072151328
53079,16.0,5,0,3.0,7.0,150.76,0.08449807763313968
50098,10.0,2,1,3.0,17.0,221.85000000000002,0.08448903714923729
53104,16.0,2,0,5.0,35.0,170.23,0.08448677876617479
50511,8.0,3,1,15.0,15.0,206.85000000000002,0.08444791971545182
52005,1.0,1,0,2.0,11.0,149.08,0.08443196956791746
52449,21.0,3,0,7.0,22.0,164.39,0.08443076207700223
55281,12.0,4,0,3.0,23.0,166.98,0.08425704808138221
51604,24.0,1,0,0.0,6.0,127.22999999999999,0.08421462683397356
53499,3.0,2,0,8.0,35.0,150.14,0.08421444044745464
54588,31.0,5,0,3.0,35.0,227.66,0.08419580446072866
51424,10.0,3,0,2.0,13.0,236.64,0.08416262105394043
53152,9.0,3,0,4.0,7.0,173.59,0.08414787962208603
51969,3.0,1,0,3.0,11.0,137.61,0.08413675298167245
54050,8.0,1,1,2.0,10.0,206.03,0.08409383291449855
55520,8.0,1,1,2.0,10.0,206.03,0.08409383291449855
50535,1.0,2,0,2.0,11.0,149.08,0.08400169908306587
55261,9.0,3,0,3.0,35.0,149.3,0.08398181324005535
52989,10.0,2,0,1.0,25.0,161.88,0.08397595343960688
53285,3.0,3,0,8.0,30.0,152.0,0.0839573821463111
53157,15.0,5,0,9.0,9.0,290.95,0.08394369339400497
52558,7.0,1,0,7.0,25.0,129.29,0.08391636292076336
51561,14.0,1,1,0.0,12.0,235.91000000000003,0.08385882825544111
54568,19.0,1,0,3.0,17.0,151.54,0.08384885072511776
53445,7.0,2,0,3.0,15.0,148.42,0.08380901569930707
54355,19.0,1,0,9.0,9.0,292.92,0.08373103596310637
50459,7.0,5,0,2.0,14.0,165.0,0.08372312194018351
55139,14.0,3,0,9.0,9.0,188.77,0.08369102533035043
53501,20.0,3,0,10.0,10.0,299.65,0.08361113050251955
54809,11.0,1,0,1.0,28.0,154.73,0.08359280909737953
54146,14.0,3,0,3.0,9.0,153.09,0.08359242010339335
53816,3.0,1,0,3.0,9.0,213.53,0.08357837292264382
53162,12.0,3,0,3.0,17.0,223.24,0.08356563933302175
55124,12.0,5,0,8.0,9.0,193.93,0.08355455640186651
53654,12.0,5,0,8.0,9.0,193.93,0.08355455640186651
51948,3.0,1,1,0.0,8.0,168.77,0.08351070868573161
53047,16.0,2,0,1.0,9.0,192.81,0.08350402784013095
54145,19.0,3,0,2.0,27.0,173.5,0.08347960882686949
51661,16.0,1,0,7.0,14.0,124.55000000000001,0.08347633900877002
50185,4.0,2,1,3.0,11.0,148.21,0.08337982882834614
53202,10.0,4,1,3.0,16.0,213.47,0.08336236517540306
54318,31.0,4,1,1.0,16.0,158.46,0.08334637921293603
53236,4.0,2,0,8.0,34.0,178.04,0.08333877808838705
53383,6.0,5,0,4.0,10.0,192.25,0.0833292970414001
50440,18.0,3,0,1.0,8.0,166.32,0.0832680207251549
54702,10.0,5,0,6.0,15.0,242.13,0.08325815528916485
55609,15.0,4,0,3.0,10.0,214.38,0.08320425607217342
55241,20.0,4,0,2.0,10.0,291.06,0.08318765709697787
53098,19.0,2,0,3.0,17.0,151.54,0.08315882147872797
55249,16.0,4,0,1.0,9.0,173.41,0.08314988232005724
50107,15.0,2,0,15.0,10.0,292.32,0.08313504726277872
51662,22.0,3,1,7.0,6.0,239.64,0.08312263189966998
52570,9.0,3,0,2.0,23.0,123.05000000000001,0.08311075845857374
53675,2.0,5,0,5.0,33.0,172.24,0.08306271925853048
51110,20.0,4,0,0.0,8.0,149.78,0.08303290511524543
52580,20.0,4,0,0.0,8.0,149.78,0.08303290511524543
55077,20.0,4,0,9.0,11.0,312.89,0.08299958010140512
52130,11.0,3,0,9.0,23.0,188.23,0.08297815274303712
54815,13.0,1,0,5.0,9.0,177.04,0.08295135565881437
50889,3.0,5,0,2.0,13.0,147.79,0.08292818557461597
52359,3.0,5,0,2.0,13.0,147.79,0.08292818557461597
51624,0.0,4,0,4.0,6.0,163.97,0.0829052411782768
54615,3.0,1,0,3.0,26.0,167.62,0.08288892611125227
51354,11.0,3,0,8.0,29.0,195.26,0.0828385848557848
52944,16.0,5,1,3.0,24.0,190.45,0.08283054470326075
53832,4.0,4,0,2.0,14.0,146.41,0.0828228166338868
55125,8.0,5,0,7.0,22.0,186.25,0.08280470824018525
52539,11.0,4,0,3.0,14.0,124.4,0.08272089756123374
50186,4.0,5,0,0.0,8.0,164.1,0.08268020413239714
55414,7.0,4,0,8.0,9.0,176.47,0.08254387760730236
52265,30.0,1,0,4.0,24.0,205.12,0.08249598825936524
52616,7.0,1,0,2.0,9.0,160.29,0.0824873755857997
54392,16.0,1,0,16.0,11.0,317.32,0.08248348602389233
50970,13.0,5,0,1.0,15.0,154.73,0.08246667107865392
53645,16.0,3,1,11.0,9.0,303.61,0.08244737859286416
50106,25.0,2,0,2.0,8.0,132.12,0.08242887431787686
50979,21.0,3,0,7.0,22.0,164.39,0.08235659645940391
50756,5.0,4,0,2.0,19.0,127.43,0.08235090166145047
55198,19.0,1,1,3.0,36.0,218.8,0.08229402730925543
52848,31.0,4,1,1.0,16.0,158.46,0.08225824314322339
50895,9.0,5,0,2.0,22.0,156.47,0.0822029489516576
54298,13.0,3,0,10.0,11.0,184.02,0.08219148247122263
53764,2.0,4,0,8.0,36.0,190.49,0.08217438752496986
53232,10.0,5,0,6.0,15.0,242.13,0.08217168755157321
53156,20.0,3,0,3.0,25.0,230.27,0.08216525632027748
50687,11.0,4,0,0.0,8.0,173.51,0.0820858581299706
52157,11.0,4,0,0.0,8.0,173.51,0.0820858581299706
53058,24.0,2,0,3.0,17.0,229.96,0.08206949810488388
52767,20.0,4,0,3.0,7.0,219.57,0.08201004611899677
53742,18.0,3,0,1.0,7.0,172.68,0.08200940651427671
52991,15.0,4,0,5.0,9.0,285.15,0.08195904777068513
54461,15.0,4,0,5.0,9.0,285.15,0.08195904777068513
55404,19.0,3,0,3.0,11.0,222.56,0.08194148316089539
53934,19.0,3,0,3.0,11.0,222.56,0.08194148316089539
54672,10.0,4,1,3.0,16.0,213.47,0.0818991917111226
51952,7.0,1,0,3.0,14.0,125.53,0.08189671246755807
52623,19.0,1,1,2.0,8.0,293.28,0.08186901343757104
50742,13.0,4,0,0.0,8.0,143.27,0.08185451564682328
51161,19.0,4,0,2.0,32.0,179.91,0.08174064237466801
50415,23.0,4,0,2.0,14.0,138.75,0.08166082627603378
53854,11.0,4,0,8.0,17.0,164.36,0.08164813538228086
55224,3.0,3,0,3.0,26.0,211.2,0.08162245245516991
53754,3.0,3,0,3.0,26.0,211.2,0.08162245245516991
52484,23.0,3,1,3.0,26.0,212.45,0.08158658803089845
52872,8.0,4,0,3.0,34.0,148.11,0.08156147868749777
53293,4.0,2,1,1.0,9.0,193.77,0.0815524278487385
50814,30.0,3,0,2.0,14.0,123.72,0.08154675980832811
51306,11.0,3,0,11.0,16.0,232.06,0.08150546657273598
51297,20.0,4,0,3.0,6.0,219.57,0.08149753291624075
52474,9.0,5,1,2.0,12.0,155.62,0.08148532348368516
54712,13.0,4,0,7.0,10.0,188.89,0.08142993159675356
54915,7.0,1,0,3.0,15.0,148.42,0.08132973406381666
53029,4.0,3,0,3.0,12.0,186.18,0.08131887386686526
54337,7.0,1,0,3.0,9.0,150.0,0.08130035148779353
52606,5.0,4,0,7.0,11.0,127.18,0.08129765509426441
51136,5.0,4,0,7.0,11.0,127.18,0.08129765509426441
52932,6.0,2,0,3.0,33.0,169.65,0.08122648427830907
55033,7.0,3,0,2.0,32.0,170.39,0.08119254655762202
52328,11.0,3,0,3.0,14.0,126.1,0.08111491285758111
50858,11.0,3,0,3.0,14.0,126.1,0.08111491285758111
54100,14.0,3,0,5.0,18.0,188.23,0.08106553111033389
55555,6.0,1,0,3.0,12.0,221.79,0.081062538346336
53874,10.0,5,0,5.0,10.0,193.42,0.0810461325531933
55006,14.0,1,1,1.0,33.0,169.22,0.08098836378449778
52212,13.0,4,0,0.0,8.0,143.27,0.08098768346398692
53718,8.0,4,0,3.0,7.0,157.94,0.0809799390400179
53974,2.0,1,0,4.0,7.0,145.44,0.08097301317048769
54252,25.0,1,1,1.0,28.0,179.41,0.08094105019147532
53065,2.0,2,0,8.0,16.0,177.53,0.08091477879150251
54154,5.0,5,0,3.0,12.0,224.36,0.08091231583925924
52884,17.0,2,0,3.0,14.0,145.89,0.08089874486116361
54354,17.0,1,0,3.0,14.0,145.89,0.08088346631379394
53044,11.0,5,1,8.0,13.0,184.74,0.08086095516174992
54632,12.0,3,0,3.0,17.0,223.24,0.0808446454383061
51792,14.0,1,0,10.0,16.0,162.3,0.08071520225748344
53497,26.0,4,0,3.0,14.0,229.45,0.08070161357294113
54549,16.0,5,0,3.0,7.0,150.76,0.08066138927458119
50454,11.0,5,1,12.0,8.0,159.8,0.08065514901217911
55153,13.0,3,0,6.0,32.0,234.2,0.08056729402862824
54227,10.0,4,0,4.0,18.0,189.99,0.08054987935291087
53313,6.0,2,0,4.0,20.0,169.03,0.08051183262542896
54794,10.0,5,0,4.0,15.0,148.42,0.08025828664926044
55444,2.0,1,0,4.0,8.0,145.44,0.08024708069954045
52863,10.0,4,0,3.0,10.0,145.88,0.0802282312401132
53790,19.0,4,0,8.0,7.0,199.41,0.08021702411623205
53326,9.0,3,1,16.0,16.0,231.85000000000002,0.08020754489759493
52412,6.0,4,0,2.0,10.0,138.38,0.08019472114528439
53118,31.0,5,0,3.0,35.0,227.66,0.08017498386262104
53485,8.0,2,0,5.0,10.0,202.56,0.08016492755718688
50222,14.0,4,1,2.0,12.0,160.32,0.08015972009309179
51692,14.0,4,1,2.0,12.0,160.32,0.08015972009309179
54884,20.0,3,0,8.0,14.0,233.45,0.08014149500819344
50048,9.0,4,0,2.0,9.0,120.88,0.08013981167442907
51636,22.0,5,1,2.0,16.0,286.65,0.08012158395391393
50166,22.0,5,1,2.0,16.0,286.65,0.08012158395391393
52780,25.0,1,0,0.0,35.0,134.82,0.08005751468429495
54956,11.0,1,1,1.0,17.0,191.94,0.08003881711474928
53381,5.0,2,1,6.0,19.0,183.55,0.08003594732738364
50293,13.0,3,0,12.0,8.0,280.41,0.0800244113137465
51808,7.0,1,0,7.0,27.0,153.37,0.0799480805029409
53290,10.0,4,0,5.0,20.0,146.43,0.07989066445410248
52724,15.0,1,1,0.0,18.0,150.87,0.07987964191213516
50694,4.0,2,0,2.0,26.0,127.91,0.0798746670854211
54858,3.0,1,0,3.0,27.0,146.57,0.07981571906871136
51870,7.0,4,0,7.0,15.0,186.21,0.07980888032753117
50400,7.0,4,0,7.0,15.0,186.21,0.07980888032753117
50296,2.0,3,0,3.0,9.0,219.35000000000002,0.07979513265631608
50763,15.0,5,1,0.0,32.0,231.91000000000003,0.07978945746655923
50122,6.0,2,0,2.0,11.0,129.11,0.07975424753501793
52059,9.0,1,0,2.0,6.0,122.69999999999999,0.07974178698818118
51994,10.0,1,0,0.0,27.0,129.73,0.0797058652437861
53509,5.0,2,0,3.0,27.0,152.91,0.07969326251104288
53731,14.0,4,0,9.0,15.0,262.57,0.07968835373115059
55201,14.0,4,0,9.0,15.0,262.57,0.07968835373115059
55240,13.0,4,0,3.0,13.0,208.76,0.07968665685605934
51444,30.0,3,0,8.0,16.0,238.72000000000003,0.07967943428176827
53378,10.0,3,0,10.0,9.0,150.19,0.07956690604186802
53629,31.0,3,0,3.0,30.0,148.72,0.07955913125750257
54820,2.0,1,0,3.0,12.0,174.08,0.0795367554173671
51206,16.0,3,0,14.0,12.0,293.92,0.07950866384425777
50299,3.0,5,0,8.0,28.0,184.12,0.07939944131446255
54848,10.0,3,0,10.0,9.0,150.19,0.07931020398776273
50967,6.0,4,0,2.0,31.0,143.2,0.07915803620683567
52413,20.0,3,1,2.0,20.0,145.91,0.07912543011015201
53587,5.0,5,0,9.0,31.0,193.12,0.07911043985520361
52688,7.0,1,1,0.0,10.0,197.13,0.07910429500225805
51218,7.0,1,1,0.0,10.0,197.13,0.07910429500225805
53746,8.0,5,0,10.0,22.0,295.07,0.07904521362035477
55216,8.0,5,0,10.0,22.0,295.07,0.07904521362035477
50427,12.0,4,0,6.0,9.0,163.89,0.07898642917691874
54424,20.0,4,1,8.0,9.0,293.72,0.07897977627017995
52023,22.0,4,0,7.0,14.0,174.03,0.07896617402260411
51857,9.0,4,1,2.0,15.0,188.47,0.07892090737375293
54010,6.0,1,0,1.0,17.0,171.48,0.07891255435396417
54625,11.0,1,0,3.0,7.0,199.91,0.07890899423441715
51515,5.0,3,0,4.0,12.0,130.38,0.07881731211127983
50045,5.0,3,0,4.0,12.0,130.38,0.07881731211127983
55336,13.0,4,0,1.0,19.0,177.95,0.07880247396883651
53866,13.0,4,0,1.0,19.0,177.95,0.07880247396883651
50183,11.0,4,0,3.0,31.0,220.61,0.07879485857640378
50104,8.0,3,0,8.0,6.0,187.89,0.07868688945818808
51574,8.0,3,0,8.0,6.0,187.89,0.07868688945818808
51680,18.0,1,0,8.0,14.0,136.97,0.07865749755446973
50154,0.0,4,0,4.0,6.0,163.97,0.07864309340696472
51254,15.0,1,1,0.0,18.0,150.87,0.07862792584372928
50308,7.0,3,0,7.0,8.0,127.68,0.0786230889046624
55576,7.0,3,0,1.0,8.0,145.08,0.0786202824444923
52284,30.0,3,0,2.0,14.0,123.72,0.0786144625745876
55009,9.0,1,0,3.0,11.0,148.76,0.07859953133748973
52021,4.0,3,0,2.0,14.0,123.28999999999999,0.07858933022650248
52439,15.0,1,1,9.0,8.0,201.24,0.07851867355037401
54330,6.0,3,0,5.0,13.0,155.38,0.07851302375082533
52860,6.0,3,0,5.0,13.0,155.38,0.07851302375082533
50852,29.0,4,1,9.0,29.0,234.01999999999998,0.07843634630256881
50902,5.0,2,0,3.0,13.0,192.04,0.0784092067546353
51877,5.0,1,0,3.0,9.0,211.58999999999997,0.07837572719820972
52597,3.0,5,0,7.0,21.0,171.4,0.07829350574537156
50675,15.0,5,0,7.0,8.0,276.65,0.07828178684884955
50843,13.0,4,0,3.0,14.0,123.87,0.07822281686940036
55421,6.0,4,0,8.0,12.0,152.18,0.07819986326052258
53951,6.0,4,0,8.0,12.0,152.18,0.07819986326052258
51304,9.0,4,0,2.0,6.0,122.69,0.07818895002161495
52100,6.0,1,0,2.0,14.0,123.41999999999999,0.07818349811157049
50482,7.0,2,0,3.0,14.0,125.53,0.07813706724316848
54106,7.0,3,0,1.0,7.0,145.08,0.07806291824300843
51894,16.0,1,0,2.0,21.0,168.04,0.07804949994176852
53770,13.0,4,0,3.0,13.0,208.76,0.0778223148430609
51153,19.0,1,1,2.0,8.0,293.28,0.07781663894346978
55181,21.0,1,0,3.0,8.0,159.2,0.07780932935922948
52249,2.0,1,1,0.0,13.0,166.23,0.07776834033901148
52968,12.0,5,1,8.0,14.0,181.05,0.07770296619132461
54121,12.0,3,0,12.0,17.0,257.06,0.07765637156810315
54767,8.0,1,0,4.0,23.0,150.53,0.07763977202545717
51249,9.0,4,1,7.0,14.0,121.33000000000001,0.0776287110793093
52719,9.0,4,1,7.0,14.0,121.33000000000001,0.0776287110793093
50784,6.0,3,1,8.0,16.0,183.8,0.07761087928541838
55233,3.0,4,0,3.0,9.0,156.8,0.07757939535647486
53338,9.0,4,0,9.0,32.0,234.02999999999997,0.07754003447566807
55236,6.0,1,0,1.0,17.0,237.44,0.07750268372047216
51477,23.0,1,0,1.0,18.0,192.08,0.07747835665040921
53781,3.0,5,0,3.0,15.0,222.15,0.07747732821531074
51177,30.0,4,0,14.0,8.0,0.0,0.07746120692098471
52812,12.0,5,0,7.0,12.0,199.91,0.07744879086804894
53902,11.0,1,0,3.0,7.0,220.25,0.07740273729655045
53369,22.0,3,0,1.0,27.0,147.59,0.07739126129847783
50027,8.0,4,0,6.0,6.0,172.95,0.07738837000542918
54949,2.0,3,0,8.0,17.0,161.6,0.07736559050949116
51713,23.0,1,0,3.0,16.0,204.96,0.07723598319054172
51373,15.0,4,0,2.0,14.0,168.25,0.07721239864335978
52251,2.0,1,0,7.0,7.0,261.24,0.07720805135849466
53123,8.0,3,0,8.0,9.0,152.68,0.07718672438502236
53779,16.0,4,0,1.0,9.0,173.41,0.07718514355653623
52366,20.0,1,0,2.0,7.0,134.2,0.07709743214778243
54433,2.0,1,0,5.0,16.0,145.7,0.07708679490172049
53229,15.0,3,0,11.0,7.0,316.89,0.07705504605102584
51200,2.0,3,0,6.0,35.0,163.84,0.07703236906379936
53670,8.0,3,0,8.0,36.0,179.29,0.07697845542756113
51637,9.0,4,0,7.0,9.0,144.85,0.07697630173701736
50262,10.0,5,0,17.0,20.0,130.34,0.0768932598580498
54751,7.0,3,0,8.0,14.0,241.91000000000003,0.07688506616037714
50553,22.0,4,0,7.0,14.0,174.03,0.07688375788579611
53737,18.0,4,0,4.0,27.0,159.2,0.07683917325628235
55207,18.0,4,0,4.0,27.0,159.2,0.07683917325628235
50403,5.0,2,0,8.0,16.0,153.96,0.0768318201794813
51930,15.0,1,0,9.0,14.0,284.3,0.07676138301112227
53791,9.0,3,0,3.0,7.0,149.3,0.07669713279679942
54627,15.0,5,0,9.0,9.0,290.95,0.07660836498500377
52466,11.0,4,0,2.0,22.0,141.98,0.07645383233560277
50748,6.0,3,0,1.0,31.0,145.39,0.0764298827438362
51649,4.0,1,0,7.0,13.0,169.29,0.07640141058334025
51087,10.0,1,0,3.0,6.0,195.25,0.0763849310653506
53339,11.0,2,0,1.0,28.0,154.73,0.07635770519635808
50969,15.0,1,1,9.0,8.0,201.24,0.07635437887926241
51898,29.0,1,0,3.0,15.0,211.02999999999997,0.07629708747153184
50217,11.0,2,1,3.0,21.0,215.10000000000002,0.07626800991508728
52092,14.0,3,0,10.0,13.0,299.73,0.07626371472286028
50966,2.0,5,0,7.0,14.0,197.15,0.07617295558632237
50741,3.0,5,0,3.0,35.0,141.15,0.07614941595513443
52211,3.0,5,0,3.0,35.0,141.15,0.07614941595513443
51462,7.0,5,0,3.0,11.0,216.31,0.07611600864393257
51656,4.0,5,0,0.0,8.0,164.1,0.07610789763991163
53611,8.0,4,0,11.0,26.0,169.44,0.07610226999050694
55284,9.0,3,1,5.0,17.0,186.42,0.07608534943621234
54468,12.0,4,0,2.0,32.0,245.61,0.07607702182993717
50855,7.0,3,0,7.0,35.0,154.29,0.07600143888470512
50067,9.0,4,0,3.0,15.0,122.78999999999999,0.07593689365257639
51310,25.0,1,0,0.0,14.0,134.82,0.07592889673532545
51407,11.0,1,0,9.0,14.0,124.06,0.0759283396423089
54359,12.0,3,0,1.0,9.0,190.53,0.07588889505622166
55081,8.0,4,0,11.0,26.0,169.44,0.07588557773510295
53957,15.0,5,0,5.0,16.0,147.89,0.07588307731764435
54907,15.0,3,0,11.0,14.0,324.73,0.07582292928215752
51641,15.0,4,0,8.0,32.0,235.25,0.07580101113277582
53432,16.0,3,0,1.0,12.0,308.03,0.07576820739106091
53983,13.0,1,0,3.0,27.0,166.27,0.07576226626807851
55453,13.0,1,0,3.0,27.0,166.27,0.07576226626807851
54783,6.0,1,0,4.0,20.0,169.03,0.0757401959183431
54975,14.0,3,0,10.0,21.0,321.26,0.07572782404807524
51739,7.0,3,0,2.0,10.0,165.38,0.07571366300901491
51330,18.0,3,0,1.0,26.0,148.5,0.07568585787888328
55624,5.0,5,0,3.0,12.0,224.36,0.07564677029134649
55566,5.0,3,0,9.0,17.0,235.31,0.07564397610275293
54096,5.0,3,0,9.0,17.0,235.31,0.07564397610275293
54403,15.0,5,0,1.0,26.0,155.72,0.07563446584534268
53033,5.0,2,1,11.0,14.0,196.43,0.07554370869750776
54292,24.0,1,0,3.0,19.0,217.08,0.07547314717761175
55260,19.0,4,0,8.0,8.0,199.41,0.0754218787547377
54071,9.0,5,0,5.0,25.0,25.0,0.07539170952814495
52164,4.0,1,0,2.0,26.0,127.91,0.07536978519746584
50191,16.0,2,0,7.0,14.0,124.55000000000001,0.07535869401522344
54170,10.0,3,0,8.0,34.0,177.37,0.07534246528863262
55517,15.0,4,0,5.0,15.0,168.93,0.07533509031580428
50460,15.0,2,0,9.0,14.0,284.3,0.07515908127062075
52972,16.0,3,0,7.0,7.0,174.07,0.07509196768902705
52156,19.0,3,0,9.0,9.0,274.65,0.07508980901212373
50863,24.0,4,0,2.0,8.0,205.96,0.0750821656719529
51667,4.0,1,0,7.0,13.0,175.47,0.07504654806148045
55290,16.0,1,0,2.0,16.0,321.13,0.07503575396041225
53820,16.0,1,0,2.0,16.0,321.13,0.07503575396041225
53711,21.0,2,0,3.0,7.0,159.2,0.07502626853121037
54859,9.0,3,0,1.0,25.0,171.01,0.07500693350924759
51145,16.0,1,0,8.0,8.0,135.39,0.07500108148829637
55264,22.0,3,0,8.0,23.0,189.39,0.07499004985988375
54535,2.0,1,0,8.0,16.0,177.53,0.07494864438131295
54705,21.0,3,1,14.0,10.0,262.7,0.074947119064234
53235,21.0,3,1,14.0,10.0,262.7,0.074947119064234
52557,10.0,1,0,3.0,7.0,195.25,0.0749162278705422
55105,2.0,1,0,6.0,8.0,191.74,0.07488838088823646
53345,13.0,2,0,5.0,9.0,177.04,0.07486931752912394
51016,17.0,1,1,10.0,13.0,290.49,0.07478960948276878
52486,17.0,1,1,10.0,13.0,290.49,0.07478960948276878
55170,31.0,5,1,6.0,8.0,322.01,0.0746386195509167
51160,12.0,3,0,2.0,16.0,234.64,0.07463025493787209
52630,12.0,3,0,2.0,16.0,234.64,0.07463025493787209
53448,8.0,2,0,3.0,7.0,222.25,0.07458912200273304
54046,10.0,4,0,4.0,24.0,180.07,0.07452440660131959
55516,10.0,4,0,4.0,24.0,180.07,0.07452440660131959
50227,5.0,4,0,7.0,14.0,123.69999999999999,0.07450695622610407
50956,19.0,4,0,1.0,9.0,266.06,0.07449917488103494
53493,7.0,4,0,3.0,14.0,168.02,0.07445904661719425
54564,15.0,5,0,8.0,7.0,208.92,0.07444074346045747
50641,11.0,3,0,2.0,9.0,128.21,0.07438004682544352
54996,9.0,3,0,5.0,15.0,168.23,0.07437441882682677
53526,9.0,3,0,5.0,15.0,168.23,0.07437441882682677
50957,8.0,4,0,3.0,22.0,186.06,0.07432115173123849
50197,4.0,2,0,7.0,13.0,175.47,0.07419861275358543
52566,9.0,1,0,7.0,8.0,145.02,0.07416262448227433
54918,8.0,1,0,3.0,7.0,222.25,0.0741321366562673
55005,4.0,3,0,5.0,17.0,190.78,0.074126818683643
50225,2.0,3,0,2.0,8.0,146.49,0.07409774835410972
52033,9.0,3,0,9.0,14.0,125.19,0.07404948077251469
55468,2.0,5,0,3.0,8.0,160.91,0.07401187532414068
50563,9.0,3,0,9.0,14.0,125.19,0.07400545271601766
51665,5.0,4,1,9.0,14.0,152.28,0.07400040933294076
51088,7.0,1,0,7.0,25.0,129.29,0.07399660572292951
53505,14.0,3,0,10.0,21.0,321.26,0.07393761777505263
50428,29.0,2,0,3.0,15.0,211.02999999999997,0.07391677421754173
55619,9.0,1,0,2.0,8.0,154.77,0.07386176759244091
53406,7.0,4,1,3.0,7.0,179.88,0.07383616740735267
54047,15.0,4,0,5.0,15.0,168.93,0.07382954944357141
51355,9.0,3,0,7.0,33.0,152.37,0.07379192503910582
51763,13.0,3,0,12.0,8.0,280.41,0.07378838219326705
52192,8.0,4,0,4.0,8.0,202.74,0.07378271476024277
51465,16.0,1,1,12.0,32.0,269.59,0.07375815424849978
51981,8.0,3,1,15.0,15.0,206.85000000000002,0.07375422778295611
55234,2.0,4,0,8.0,36.0,190.49,0.07370589590287102
50397,0.0,2,1,4.0,9.0,146.47,0.0736539645188944
52707,0.0,1,0,7.0,14.0,125.44,0.07360895347628009
51237,0.0,1,0,7.0,14.0,125.44,0.07360895347628009
54841,10.0,1,0,2.0,14.0,171.78,0.07359444463532877
50157,15.0,3,0,6.0,6.0,149.07,0.0734755722919059
54307,4.0,1,0,3.0,9.0,152.2,0.07346492918138157
50407,5.0,2,0,3.0,9.0,211.58999999999997,0.07339581584866131
54802,6.0,4,0,4.0,12.0,190.24,0.07338278919028333
54139,15.0,4,0,3.0,10.0,214.38,0.07332073198384036
53371,10.0,2,0,2.0,14.0,171.78,0.07327385215438371
52069,19.0,3,0,7.0,13.0,208.45,0.07324601210014338
51793,8.0,3,0,9.0,6.0,147.17,0.07323856434006329
53667,30.0,4,1,10.0,30.0,259.02,0.07321703083486218
51342,12.0,5,0,7.0,12.0,199.91,0.07319315171136191
54995,8.0,3,0,4.0,16.0,182.14,0.0731857850539427
54054,7.0,3,0,10.0,17.0,179.87,0.07309580694325761
55524,7.0,3,0,10.0,17.0,179.87,0.07309580694325761
52998,12.0,4,0,2.0,32.0,245.61,0.07306936980465448
54979,5.0,1,0,3.0,27.0,152.91,0.0730511795876336
53275,16.0,2,0,10.0,15.0,309.3,0.0730187118676963
53111,3.0,3,0,8.0,10.0,244.35000000000002,0.07301808842868551
55206,14.0,3,0,3.0,9.0,148.45,0.07300713055166211
54593,8.0,3,0,8.0,9.0,152.68,0.07299528997999505
50069,9.0,2,0,2.0,13.0,120.88999999999999,0.07295753601759154
50274,10.0,3,1,7.0,31.0,144.49,0.07293421731282895
54398,26.0,3,1,13.0,9.0,315.68,0.07289642919918872
53281,7.0,3,0,8.0,14.0,241.91000000000003,0.07288522505447288
54241,4.0,1,1,1.0,7.0,176.26,0.07287980509957061
50337,8.0,3,0,3.0,6.0,148.59,0.07286673742280682
50455,7.0,5,0,3.0,8.0,143.81,0.07283748567016321
51925,7.0,5,0,3.0,8.0,143.81,0.07283748567016321
50286,3.0,2,0,2.0,8.0,160.91,0.07278389364529644
50302,3.0,2,0,7.0,14.0,125.63999999999999,0.07276317335628475
51466,3.0,3,0,9.0,14.0,126.13,0.07269369045163433
52507,11.0,3,1,2.0,8.0,177.56,0.07267359423995863
51182,4.0,5,0,2.0,13.0,196.37,0.07263708419561052
52652,4.0,5,0,2.0,13.0,196.37,0.07263708419561052
55143,12.0,3,0,4.0,14.0,151.1,0.07262725178927415
53673,12.0,3,0,4.0,14.0,151.1,0.07262725178927415
53998,2.0,5,0,3.0,7.0,160.91,0.07259427494760282
51326,8.0,1,1,7.0,32.0,188.37,0.07253978396151896
52796,8.0,1,1,7.0,32.0,188.37,0.07253978396151896
55549,6.0,1,0,3.0,22.0,191.67,0.07249512363224099
54079,6.0,1,0,3.0,22.0,191.67,0.07249512363224099
54622,9.0,3,0,4.0,7.0,173.59,0.07246475875332592
54571,4.0,1,0,3.0,9.0,185.91,0.07245599026024245
53028,3.0,2,0,3.0,16.0,164.83,0.07243730855813456
53125,5.0,4,0,9.0,16.0,231.48000000000002,0.07242310313757673
55256,7.0,3,1,8.0,35.0,177.07,0.07238451089927378
52386,13.0,4,0,8.0,14.0,237.57,0.07238332210130752
53766,6.0,1,0,1.0,17.0,237.44,0.07238057557985898
50903,7.0,4,0,2.0,6.0,132.94,0.07229907970917394
50636,26.0,4,0,12.0,8.0,175.25,0.07229649490580481
51014,23.0,3,1,3.0,26.0,212.45,0.07228870856139352
50167,9.0,4,0,7.0,9.0,144.85,0.07222112783983102
50325,12.0,3,0,7.0,14.0,137.55,0.07221920448748455
50975,18.0,4,0,7.0,6.0,174.41,0.07219711859940273
50118,14.0,5,0,0.0,25.0,130.72,0.072163670866756
50898,10.0,3,0,3.0,11.0,135.0,0.07214234255259297
52479,16.0,4,0,2.0,33.0,148.76,0.07211242556965747
51009,16.0,4,0,2.0,33.0,148.76,0.07211242556965747
52983,5.0,4,0,3.0,12.0,152.89,0.07209225657569542
54453,5.0,4,0,3.0,12.0,152.89,0.07209225657569542
54728,8.0,1,0,5.0,9.0,187.74,0.07204289036175028
54796,9.0,3,1,16.0,16.0,231.85000000000002,0.0720314351250291
54486,5.0,3,0,3.0,14.0,214.43,0.07202577501394793
52519,9.0,5,0,2.0,11.0,180.08,0.07198772478249384
51049,9.0,5,0,2.0,11.0,180.08,0.07198772478249384
51568,10.0,1,1,3.0,17.0,221.85000000000002,0.07197601677869482
53473,4.0,5,0,3.0,27.0,224.57,0.07195269092739055
51003,9.0,3,0,2.0,16.0,120.72999999999999,0.07192150007313375
54149,9.0,1,0,2.0,7.0,154.77,0.0718482468489393
50630,6.0,2,0,2.0,14.0,123.41999999999999,0.07183843883841601
50044,11.0,2,0,1.0,6.0,186.86,0.0718245877135755
55390,14.0,5,1,1.0,15.0,190.16,0.07178671170152977
53920,14.0,5,1,1.0,15.0,190.16,0.07176089978512938
55084,8.0,4,0,9.0,18.0,169.9,0.07175935151365774
51718,8.0,4,0,0.0,15.0,165.4,0.07175776973743299
55589,6.0,4,0,3.0,8.0,147.69,0.0717386300540165
52018,15.0,3,0,3.0,20.0,162.44,0.0717258922354113
54721,8.0,5,0,1.0,15.0,176.21,0.0717123595250389
53251,8.0,5,0,1.0,15.0,176.21,0.0717123595250389
54265,11.0,1,0,1.0,9.0,176.63,0.07168554920990866
54745,16.0,1,0,10.0,15.0,309.3,0.07165759900204546
51891,3.0,1,0,7.0,33.0,153.04,0.07164806704265701
52310,7.0,5,0,6.0,21.0,161.25,0.07161762889754925
52262,19.0,4,0,8.0,10.0,287.89,0.07159800055767777
53814,9.0,3,1,5.0,17.0,186.42,0.07159612877539222
52696,0.0,3,0,7.0,8.0,165.0,0.07158584255890524
51226,0.0,3,0,7.0,8.0,165.0,0.07158584255890524
52928,26.0,3,1,13.0,9.0,315.68,0.07156796493766944
53965,5.0,1,0,8.0,36.0,179.68,0.07149012785806756
53479,2.0,3,0,8.0,17.0,161.6,0.07147955882544937
54393,31.0,3,0,3.0,13.0,147.67,0.07146722631062377
53552,20.0,5,0,10.0,9.0,295.48,0.07144132631122035
53258,8.0,2,0,5.0,9.0,187.74,0.0714108694571427
53536,14.0,2,1,1.0,33.0,169.22,0.071341189393083
53188,18.0,2,1,2.0,10.0,320.13,0.0713310370223782
52929,6.0,4,0,3.0,11.0,164.31,0.0713119850145394
55481,16.0,3,0,4.0,17.0,154.36,0.07129217922927854
52233,15.0,5,1,0.0,32.0,231.91000000000003,0.07122788665273043
51544,11.0,3,0,0.0,8.0,165.53,0.07118875783091275
51929,7.0,5,0,2.0,14.0,165.0,0.0711615119773293
51687,11.0,1,1,3.0,21.0,215.10000000000002,0.07113944922680428
55541,9.0,5,0,5.0,25.0,180.61,0.07113707386109691
50522,26.0,2,0,3.0,14.0,218.36,0.07113602558493493
52128,3.0,5,0,2.0,26.0,199.57,0.07108805574374207
55389,15.0,4,0,3.0,11.0,189.3,0.07106068970729904
53919,15.0,4,0,3.0,11.0,189.3,0.07106068970729904
50117,5.0,2,0,2.0,32.0,144.65,0.07100334133418507
53539,9.0,2,0,3.0,11.0,148.76,0.07099060742819487
54503,5.0,1,1,11.0,14.0,196.43,0.07097779073126657
51584,5.0,4,0,2.0,10.0,139.31,0.07092182239182503
55088,10.0,4,1,13.0,9.0,179.1,0.07087124849933389
53618,10.0,4,1,13.0,9.0,179.1,0.07087124849933389
53297,8.0,2,0,4.0,23.0,150.53,0.07083720475868462
51612,4.0,1,0,8.0,29.0,155.82,0.07083699073856556
55129,10.0,5,0,14.0,14.0,171.39,0.07081257499714798
54763,4.0,1,1,1.0,9.0,193.77,0.07081044976774928
50955,12.0,4,0,2.0,12.0,183.76,0.0707219716918476
52226,5.0,4,0,2.0,19.0,134.0,0.07071756022005096
54533,9.0,4,0,1.0,16.0,190.4,0.07069340515191821
51897,12.0,4,0,6.0,9.0,163.89,0.07069263813996797
50061,6.0,4,0,6.0,20.0,127.56,0.0706691589938201
51488,11.0,3,1,2.0,9.0,143.17,0.07062959081091875
54231,31.0,3,0,4.0,7.0,179.73,0.0706194697856232
53414,20.0,3,0,8.0,14.0,233.45,0.07061258948840873
51710,10.0,5,0,3.0,16.0,134.52,0.0705747892357572
53967,11.0,4,0,4.0,16.0,166.89,0.0705466421630912
54251,14.0,4,0,12.0,7.0,260.03,0.07049198641583139
50517,5.0,4,0,3.0,11.0,165.24,0.07047518213571557
54055,2.0,1,1,8.0,7.0,193.34,0.07044588544906896
51368,7.0,4,0,3.0,13.0,219.94,0.070431508671544
50566,4.0,2,1,5.0,18.0,158.55,0.0704161474613
55148,25.0,4,0,3.0,9.0,230.96,0.0704132014938052
53890,10.0,3,0,3.0,33.0,178.47,0.07039663566120541
55360,10.0,3,0,3.0,33.0,178.47,0.07039663566120541
50923,6.0,5,0,3.0,13.0,143.73,0.07038110164284093
54699,15.0,3,0,11.0,7.0,316.89,0.07037991620770269
54978,10.0,1,0,10.0,25.0,202.79,0.07036716270390113
51638,4.0,4,0,2.0,11.0,127.88999999999999,0.07035703560653112
50168,4.0,4,0,2.0,11.0,127.88999999999999,0.07035703560653112
55564,13.0,5,0,11.0,22.0,258.41,0.07034166951939275
54094,13.0,5,0,11.0,22.0,258.41,0.07034166951939275
52899,14.0,2,0,3.0,16.0,173.76,0.07033111169291004
54275,8.0,4,0,1.0,13.0,170.05,0.07033022538395406
50283,18.0,2,0,2.0,14.0,126.53999999999999,0.07031526852912176
54239,11.0,3,0,3.0,14.0,261.64,0.07031246720420259
53155,11.0,2,0,3.0,7.0,199.91,0.07030871891430887
50320,21.0,2,0,7.0,8.0,140.51,0.07028419711745582
50240,10.0,5,0,3.0,16.0,134.52,0.07024295290895441
50830,15.0,3,1,10.0,8.0,278.61,0.07020680323599879
50429,13.0,2,1,3.0,14.0,123.41999999999999,0.07019577656869608
53456,12.0,3,0,3.0,10.0,153.21,0.07019545669691368
51592,6.0,1,0,2.0,11.0,129.11,0.07018501338929825
54836,5.0,3,0,3.0,14.0,148.29,0.07014216746023616
51037,11.0,3,1,2.0,8.0,177.56,0.0701403480954398
54498,3.0,1,0,3.0,16.0,164.83,0.07012878943264184
54031,10.0,3,1,8.0,17.0,181.73,0.07009541959726946
54248,25.0,1,0,4.0,16.0,145.75,0.07003777200621104
50599,19.0,3,0,7.0,13.0,208.45,0.07002185848981496
54171,9.0,4,0,4.0,23.0,149.26,0.0699844905474674
53991,8.0,3,0,9.0,15.0,192.99,0.0699173775398051
51744,10.0,3,1,7.0,31.0,144.49,0.06990058267506048
55293,14.0,5,0,3.0,21.0,171.39,0.06983891473225197
53823,14.0,5,0,3.0,21.0,171.39,0.06983891473225197
52662,16.0,1,0,7.0,8.0,156.75,0.06978454580824257
50737,19.0,5,0,9.0,8.0,270.48,0.06975101032964391
51427,8.0,3,0,4.0,6.0,128.59,0.06969950787436968
50220,8.0,4,0,13.0,11.0,180.95,0.06967268750034214
54528,24.0,1,0,3.0,17.0,229.96,0.06961855108499655
53614,8.0,4,0,9.0,18.0,169.9,0.06961471705691023
52117,27.0,3,0,0.0,8.0,206.86,0.06958947981808261
54517,16.0,1,0,1.0,9.0,192.81,0.0695449755113819
54280,17.0,1,1,13.0,33.0,294.59,0.06951627435841834
52373,7.0,4,0,2.0,7.0,132.94,0.06951527380049473
50360,4.0,2,0,7.0,12.0,154.6,0.06951318731423166
54981,9.0,1,0,3.0,18.0,174.68,0.06950921056600189
53211,22.0,4,0,3.0,9.0,206.2,0.06949818959470955
54921,27.0,4,0,13.0,9.0,200.25,0.06947829396331053
50201,4.0,3,0,9.0,13.0,189.43,0.06947736485242245
50844,9.0,5,0,13.0,13.0,146.39,0.06942092489175557
54798,6.0,1,0,3.0,7.0,148.14,0.06940881814007105
51759,15.0,1,0,4.0,34.0,145.23,0.0693918207955888
51992,26.0,1,0,3.0,14.0,218.36,0.06936127796500892
53993,9.0,3,0,4.0,30.0,152.05,0.06930989210708761
52427,8.0,4,0,3.0,22.0,186.06,0.06929809721459837
53782,7.0,4,0,3.0,32.0,168.2,0.06925547094586139
51100,9.0,3,0,2.0,23.0,123.05000000000001,0.06923394907743997
54581,3.0,3,0,8.0,10.0,244.35000000000002,0.06922389784598243
51618,9.0,1,0,4.0,15.0,120.69999999999999,0.0692113972195711
50096,9.0,4,0,7.0,11.0,159.14,0.06916923606468875
53804,6.0,5,0,3.0,7.0,165.87,0.0691578603858027
52666,15.0,3,0,3.0,16.0,129.36,0.0691408413129599
54758,16.0,1,1,3.0,7.0,185.62,0.06913189056903676
53449,31.0,2,1,5.0,7.0,244.04000000000002,0.06911086342217071
55268,12.0,3,0,3.0,17.0,185.77,0.06909296369549704
53798,12.0,3,0,3.0,17.0,185.77,0.06909296369549704
52544,6.0,1,1,2.0,22.0,153.68,0.06908828759895592
51074,6.0,1,1,2.0,22.0,153.68,0.06908828759895592
50335,14.0,3,1,7.0,8.0,168.11,0.06906364976700646
51805,14.0,3,1,7.0,8.0,168.11,0.06906364976700646
51619,10.0,1,0,1.0,12.0,165.02,0.06905036173923766
54926,12.0,3,0,3.0,10.0,153.21,0.06903829411385766
55295,9.0,1,0,2.0,14.0,151.9,0.06902007936435599
53825,9.0,1,0,2.0,14.0,151.9,0.06902007936435599
55099,31.0,3,0,3.0,30.0,148.72,0.06902002758354055
53089,11.0,3,1,8.0,32.0,169.49,0.06900039275646494
51004,9.0,5,1,2.0,12.0,155.62,0.06893948662741904
50289,15.0,2,0,4.0,34.0,145.23,0.06893377191130494
55208,7.0,5,0,4.0,14.0,168.73,0.06892087264299247
55617,9.0,3,1,3.0,25.0,181.89,0.0688884841754472
51329,9.0,1,0,0.0,17.0,166.52,0.06884579635547308
52799,9.0,1,0,0.0,17.0,166.52,0.06884579635547308
51704,9.0,1,0,0.0,6.0,166.53,0.06884400777993131
53958,8.0,3,1,8.0,17.0,165.01,0.06882740543065836
55428,8.0,3,1,8.0,17.0,165.01,0.06882740543065836
54311,14.0,4,0,14.0,33.0,181.05,0.06872258585329129
51697,5.0,4,0,7.0,14.0,123.69999999999999,0.06870428444533641
54595,5.0,4,0,9.0,16.0,231.48000000000002,0.06869563069745842
54682,1.0,1,1,5.0,10.0,171.47,0.0686168632452869
53461,20.0,2,0,3.0,7.0,321.27,0.06860685897038724
50433,8.0,5,0,0.0,8.0,150.93,0.06860407576183374
53824,17.0,4,0,3.0,34.0,173.76,0.06859680398128595
55294,17.0,4,0,3.0,34.0,173.76,0.06859680398128595
50450,7.0,2,0,3.0,6.0,132.8,0.06853493117276242
50555,4.0,3,0,0.0,26.0,169.32,0.06851989955255423
54496,14.0,1,1,3.0,7.0,199.57,0.0684848697172081
51778,7.0,3,0,7.0,8.0,127.68,0.06844477493870874
54839,22.0,3,0,1.0,27.0,147.59,0.0684399493828551
51555,19.0,5,0,3.0,6.0,193.96,0.06843422561730882
50085,19.0,5,0,3.0,6.0,193.96,0.06843422561730882
55408,5.0,3,0,3.0,12.0,208.46,0.06840172666837344
54035,11.0,5,1,5.0,14.0,167.84,0.06839344122553176
55505,11.0,5,1,5.0,14.0,167.84,0.06839344122553176
52561,8.0,1,1,4.0,8.0,149.3,0.06836533467311459
51091,8.0,1,1,4.0,8.0,149.3,0.06836533467311459
55463,9.0,3,0,4.0,30.0,152.05,0.06835426375587349
55212,18.0,3,0,1.0,8.0,172.68,0.06825065763671569
51402,8.0,5,0,8.0,5.0,190.69,0.06817072067742924
53350,2.0,2,0,3.0,12.0,174.08,0.06813778753818867
52313,13.0,4,0,3.0,14.0,123.87,0.06812821318767338
54718,9.0,5,0,1.0,9.0,175.93,0.06812430179709561
51576,25.0,1,0,2.0,8.0,132.12,0.06812402665320481
53634,20.0,5,0,8.0,7.0,159.23,0.0680884676072757
50383,2.0,3,0,2.0,9.0,155.61,0.06806855394353097
54684,24.0,3,1,9.0,35.0,157.21,0.06806459022481366
54778,18.0,4,0,4.0,11.0,184.33,0.06801238579605105
53308,18.0,4,0,4.0,11.0,184.33,0.06801238579605105
52889,12.0,3,0,1.0,9.0,190.53,0.06801208274238847
51532,13.0,3,0,9.0,10.0,290.33,0.06799431516636709
53312,10.0,2,1,12.0,7.0,187.01,0.06798892779243931
53066,23.0,3,0,1.0,14.0,170.0,0.06795545645365898
52894,14.0,2,1,8.0,26.0,152.41,0.0679183040684812
53135,22.0,2,0,8.0,9.0,165.51,0.06790477114521515
52365,9.0,5,0,2.0,22.0,156.47,0.06790106420452122
51285,13.0,3,0,4.0,17.0,163.23,0.06788364205116401
51895,7.0,3,0,3.0,14.0,161.42,0.06784094454271314
53975,13.0,3,0,3.0,17.0,259.64,0.06781693940010043
55445,13.0,3,0,3.0,17.0,259.64,0.06781693940010043
50621,28.0,4,1,7.0,24.0,163.85,0.06779895467418795
51083,28.0,4,0,2.0,28.0,135.37,0.06779658180955749
52553,28.0,4,0,2.0,28.0,135.37,0.06779658180955749
55289,10.0,5,1,3.0,13.0,180.62,0.06778112972617258
55039,16.0,5,0,4.0,9.0,187.72,0.06778080474623928
54623,8.0,1,0,8.0,28.0,178.37,0.06777188203012285
50234,9.0,2,0,0.0,6.0,166.53,0.06777150066203011
50218,4.0,2,1,10.0,13.0,171.43,0.06772968061787443
51773,30.0,5,0,11.0,34.0,202.66,0.06769446550235099
52241,4.0,5,1,1.0,17.0,168.33,0.06767407191064308
55525,2.0,1,1,8.0,8.0,193.34,0.06765198419637158
53240,8.0,3,0,4.0,15.0,186.42,0.06765129463422398
51261,7.0,3,0,1.0,19.0,186.28,0.06763175575111623
52571,18.0,4,0,6.0,34.0,267.04,0.0676263030178499
51101,18.0,4,0,6.0,34.0,267.04,0.0676263030178499
51818,10.0,4,0,3.0,6.0,164.47,0.06759333847972612
51176,7.0,3,0,8.0,14.0,167.99,0.06757777431173392
50271,9.0,2,0,2.0,27.0,122.58000000000001,0.0675770781918798
50148,9.0,2,0,4.0,15.0,120.69999999999999,0.06756864736552684
55437,11.0,4,0,4.0,16.0,166.89,0.06755457560323126
51381,16.0,3,0,4.0,14.0,126.44999999999999,0.06755053680201428
53678,25.0,4,0,3.0,9.0,230.96,0.06753162400405131
54281,4.0,3,0,10.0,30.0,151.13,0.0675156124031916
54303,12.0,3,1,3.0,10.0,168.17,0.06751165897092987
54119,6.0,4,0,3.0,7.0,147.69,0.06748418414150852
53108,14.0,3,0,13.0,9.0,305.41,0.06747138554877741
55104,20.0,5,0,8.0,8.0,159.23,0.06747012384692627
52923,31.0,3,0,3.0,13.0,147.67,0.06746898006058036
55395,21.0,4,0,1.0,9.0,174.78,0.06744155240702675
53925,21.0,4,0,1.0,9.0,174.78,0.06744155240702675
55570,14.0,3,0,5.0,18.0,188.23,0.0674114004648696
55587,6.0,4,0,2.0,36.0,153.37,0.06738125315542279
53315,27.0,2,1,5.0,14.0,234.33999999999997,0.06735074413293897
53063,9.0,4,0,1.0,16.0,190.4,0.0673424118767045
51734,15.0,5,0,2.0,14.0,125.75999999999999,0.06731160773218811
50303,30.0,5,0,11.0,34.0,202.66,0.06722226082538092
55042,6.0,3,1,8.0,9.0,174.98,0.06712597610487979
53572,6.0,3,1,8.0,9.0,174.98,0.06712597610487979
53077,11.0,5,0,18.0,21.0,155.34,0.0671164281149049
55484,2.0,1,0,3.0,8.0,152.06,0.06703290944181597
55591,12.0,3,0,12.0,17.0,257.06,0.06702451765506073
55057,5.0,5,0,9.0,31.0,193.12,0.06701317459865354
52347,10.0,3,0,2.0,17.0,136.29,0.06700025963662865
55079,25.0,4,1,11.0,16.0,323.47,0.06696840387806711
54505,9.0,4,0,14.0,12.0,205.95,0.06696589168021044
54147,9.0,3,1,3.0,25.0,181.89,0.06693705685036234
51152,10.0,4,0,3.0,15.0,141.89,0.06691622997840999
51239,6.0,3,0,9.0,16.0,154.87,0.06686745586985247
52709,6.0,3,0,9.0,16.0,154.87,0.06686745586985247
50264,15.0,5,0,2.0,14.0,125.75999999999999,0.06681320742866971
54442,16.0,3,0,7.0,7.0,174.07,0.06676486846522924
51845,6.0,3,0,2.0,14.0,171.04,0.06672286572537989
50910,18.0,5,1,7.0,26.0,208.51,0.06672153715762798
50581,12.0,3,0,7.0,8.0,178.8,0.0666908053781434
55560,17.0,3,0,10.0,18.0,200.1,0.06667680714463063
54090,17.0,3,0,10.0,18.0,200.1,0.06667680714463063
53794,22.0,3,0,8.0,23.0,189.39,0.06666948347483177
52111,11.0,3,0,2.0,9.0,128.21,0.0666496349745699
53035,9.0,4,0,14.0,12.0,205.95,0.06664741967216309
52243,30.0,1,0,5.0,9.0,151.71,0.06664586265906652
53616,16.0,4,1,1.0,14.0,148.72,0.06662366283125387
53786,7.0,3,1,8.0,35.0,177.07,0.06662340507809666
50757,5.0,3,1,7.0,8.0,149.98,0.06657437390157299
52227,5.0,3,1,7.0,8.0,149.98,0.06657437390157299
54302,19.0,1,0,4.0,36.0,159.52,0.06657167164986502
55041,6.0,4,0,3.0,20.0,159.0,0.06651195092379893
50330,2.0,2,0,2.0,25.0,142.62,0.06647948119573627
50504,10.0,3,0,0.0,22.0,163.34,0.06647779507567839
51974,10.0,3,0,0.0,22.0,163.34,0.06647779507567839
54574,16.0,1,0,5.0,35.0,170.23,0.06647446247417682
55344,10.0,5,0,5.0,10.0,193.42,0.06645694261651584
53669,14.0,3,0,9.0,9.0,188.77,0.0664266790875474
53569,16.0,5,0,4.0,9.0,187.72,0.06641519278221042
53409,19.0,5,1,9.0,30.0,161.33,0.06636941225455528
51795,12.0,3,0,7.0,14.0,137.55,0.06628450022973974
50958,9.0,3,0,2.0,26.0,122.72,0.06625561046731537
52428,9.0,3,0,2.0,26.0,122.72,0.06625561046731537
50524,10.0,2,0,0.0,27.0,129.73,0.0662407116558658
52885,19.0,2,0,9.0,9.0,292.92,0.06623390211387005
54101,14.0,4,0,11.0,9.0,181.77,0.06622224695940329
55571,14.0,4,0,11.0,9.0,181.77,0.06622224695940329
51539,9.0,1,0,2.0,13.0,120.88999999999999,0.06620118913047289
53728,19.0,1,1,3.0,36.0,218.8,0.06619055915103393
53517,12.0,3,0,1.0,7.0,153.44,0.06617334121309879
51485,3.0,1,1,7.0,15.0,163.47,0.06614686214662516
54931,20.0,1,0,3.0,7.0,321.27,0.0661419698193473
55461,8.0,3,0,9.0,15.0,192.99,0.066140384091766
50692,12.0,4,0,3.0,15.0,167.82,0.0660191941713484
52162,12.0,4,0,3.0,15.0,167.82,0.0660191941713484
51227,21.0,1,0,7.0,28.0,271.74,0.06598818234403629
52697,21.0,1,0,7.0,28.0,271.74,0.06598818234403629
54700,24.0,4,0,3.0,15.0,163.75,0.0659454536357314
54773,2.0,4,1,6.0,9.0,172.79,0.06594171110502516
54308,15.0,5,0,8.0,17.0,296.81,0.06591303849702043
53100,16.0,3,0,3.0,36.0,170.56,0.06590971584309534
54570,16.0,3,0,3.0,36.0,170.56,0.06590971584309534
55048,16.0,5,1,1.0,33.0,256.91,0.06587532083003964
55595,26.0,1,0,1.0,36.0,159.82,0.06580236028457143
52560,17.0,1,1,7.0,8.0,178.79,0.06579810264649187
52869,20.0,5,0,3.0,7.0,229.53,0.06579146166181926
54253,4.0,4,1,8.0,11.0,177.09,0.06576127803003333
53034,3.0,4,1,8.0,17.0,207.68,0.06575024536698058
55140,8.0,3,0,8.0,36.0,179.29,0.06574560060100441
52163,9.0,1,0,9.0,24.0,177.79,0.06568614729207242
52763,4.0,3,0,2.0,8.0,130.67,0.06564922148841842
52076,3.0,5,1,3.0,14.0,214.16000000000003,0.06562907166170635
53484,2.0,3,0,3.0,22.0,147.07,0.06557479788643505
54277,8.0,5,0,9.0,12.0,241.31,0.06557248945933745
50279,14.0,5,0,7.0,6.0,183.92,0.06556692512402582
52264,24.0,4,1,10.0,15.0,298.47,0.06556551317506899
51487,18.0,1,0,3.0,35.0,134.52,0.0655369547841925
54605,22.0,1,0,8.0,9.0,165.51,0.0654944023517532
53192,4.0,3,0,1.0,10.0,145.83,0.06548721957224803
54662,4.0,3,0,1.0,10.0,145.83,0.06548721957224803
52315,21.0,1,0,8.0,10.0,178.98,0.06548431536450502
52426,19.0,4,0,1.0,9.0,266.06,0.06541493700207553
50781,2.0,2,0,7.0,6.0,261.24,0.06541379900583426
53622,4.0,3,1,8.0,16.0,171.95,0.06533592577074868
50666,6.0,2,0,2.0,11.0,171.19,0.06526361554617884
53893,12.0,3,0,1.0,11.0,158.06,0.06525870739047218
55363,12.0,3,0,1.0,11.0,158.06,0.06525870739047218
52942,13.0,3,0,9.0,9.0,234.38,0.06525736872694235
53610,31.0,2,0,3.0,25.0,230.12,0.06524567284206002
54561,13.0,3,1,7.0,7.0,316.97,0.06516834733838855
53091,13.0,3,1,7.0,7.0,316.97,0.06516834733838855
51615,9.0,1,0,11.0,12.0,132.1,0.06513179048373827
51422,8.0,5,0,8.0,6.0,143.12,0.06504862743547428
50470,2.0,3,0,7.0,29.0,127.0,0.06503690288621768
54427,5.0,1,0,9.0,30.0,180.82,0.06493739737782808
52145,15.0,5,0,7.0,8.0,276.65,0.06492173709441706
55012,30.0,5,0,3.0,11.0,324.43,0.06490736685694477
50210,18.0,2,0,8.0,14.0,136.97,0.06484484214320987
53935,4.0,5,0,8.0,9.0,174.68,0.06483590015940019
55405,4.0,5,0,8.0,9.0,174.68,0.06483590015940019
52473,9.0,3,0,2.0,16.0,120.72999999999999,0.06481590314286637
52778,10.0,1,1,8.0,16.0,237.44,0.06470167289100014
53437,15.0,3,0,11.0,14.0,324.73,0.06462713285336838
50876,25.0,5,0,4.0,14.0,129.5,0.0646053757194714
50827,14.0,4,0,9.0,16.0,161.51,0.06458047309219177
52297,14.0,4,0,9.0,16.0,161.51,0.06458047309219177
52396,15.0,1,0,8.0,15.0,136.73,0.06456185117277004
50613,14.0,3,0,1.0,13.0,150.03,0.0645122532361886
51631,9.0,1,0,7.0,6.0,121.15,0.06443803334960657
54011,16.0,3,0,4.0,17.0,154.36,0.06443763114222796
51111,19.0,1,1,3.0,8.0,203.68,0.06435239889198742
52581,19.0,1,1,3.0,8.0,203.68,0.06435239889198742
52444,13.0,1,1,2.0,14.0,140.69,0.06433986079527645
54309,15.0,5,0,5.0,16.0,147.38,0.06431627227131444
54290,23.0,5,0,12.0,27.0,190.67,0.06428385556334844
53938,5.0,3,0,3.0,12.0,208.46,0.06422020507263798
53200,7.0,2,0,8.0,13.0,202.25,0.06415230874478993
55501,10.0,3,1,8.0,17.0,181.73,0.0641503633914636
52843,27.0,3,1,6.0,13.0,148.06,0.06413636491275182
51671,4.0,3,0,9.0,13.0,189.43,0.0641319412960287
53175,5.0,2,0,8.0,13.0,179.6,0.06409472953698693
51769,3.0,5,0,8.0,28.0,184.12,0.0640924884615594
54559,11.0,3,1,8.0,32.0,169.49,0.06407444204132928
51885,23.0,4,0,2.0,14.0,138.75,0.06407435781626296
51436,13.0,4,0,11.0,6.0,235.02999999999997,0.06405420709067516
53174,9.0,2,0,3.0,32.0,161.81,0.06401547441634657
53819,10.0,5,1,3.0,13.0,180.62,0.06399707716913455
52333,24.0,4,0,2.0,8.0,205.96,0.06398179780333754
51695,2.0,3,0,2.0,8.0,146.49,0.06396597814914862
51910,18.0,3,0,1.0,8.0,166.32,0.06396234928919399
55354,12.0,4,0,4.0,9.0,149.4,0.06393864778709783
54235,10.0,1,0,1.0,13.0,155.38,0.06393189336614517
54757,9.0,3,0,3.0,7.0,150.06,0.06391532269919459
53971,11.0,4,0,8.0,15.0,165.71,0.06391068726050961
54381,10.0,4,0,8.0,12.0,184.14,0.063841670279779
55548,3.0,5,0,3.0,8.0,178.73,0.06384028698423595
50457,3.0,3,0,2.0,6.0,138.33,0.06371743376890605
53272,4.0,3,0,3.0,7.0,163.33,0.06364315563007353
54943,4.0,5,0,3.0,27.0,224.57,0.06362963220359302
50500,26.0,2,1,3.0,13.0,209.33999999999997,0.06362950757523032
55239,18.0,5,0,18.0,35.0,288.28,0.06362698348760802
53218,6.0,2,0,9.0,17.0,178.96,0.06362676743632281
53466,17.0,2,0,1.0,32.0,259.0,0.0636176394298965
54901,9.0,1,0,3.0,17.0,164.17,0.06360675010079313
50120,18.0,2,0,7.0,6.0,292.02,0.06352365045094674
53007,23.0,3,1,8.0,7.0,264.64,0.06351478694557787
54477,23.0,3,1,8.0,7.0,264.64,0.06351478694557787
53571,6.0,4,0,3.0,20.0,152.43,0.06350176334460997
50079,13.0,2,1,7.0,25.0,127.41,0.06349451173310601
52986,16.0,4,0,9.0,33.0,260.25,0.06347168753017775
55195,19.0,5,1,8.0,27.0,233.51,0.06345313183341474
51130,22.0,1,0,4.0,17.0,145.07,0.06344579888190385
52600,22.0,1,0,4.0,17.0,145.07,0.06344579888190385
50783,17.0,4,0,10.0,11.0,282.13,0.06344218863914602
55476,10.0,4,1,1.0,9.0,194.62,0.0634234487640236
51019,18.0,5,0,5.0,32.0,143.85,0.06339973472041174
53725,19.0,5,1,8.0,27.0,233.51,0.06339006678976045
54183,8.0,4,0,12.0,14.0,244.94,0.06336252646317421
51694,15.0,1,0,0.0,29.0,259.92,0.06335124748440124
53410,21.0,2,1,8.0,11.0,166.63,0.063325087936155
50379,7.0,2,0,8.0,6.0,126.91,0.06324197818343247
54228,19.0,5,0,3.0,14.0,222.24,0.06318336926015301
54504,3.0,4,1,8.0,17.0,207.68,0.06312480378397235
51358,4.0,3,0,3.0,32.0,129.11,0.06308638531039927
54291,17.0,3,0,3.0,35.0,172.39,0.06306803782877354
50767,9.0,2,0,7.0,8.0,120.11000000000001,0.0630596190448222
51520,18.0,5,1,3.0,10.0,150.06,0.06305062663696992
50050,18.0,5,1,3.0,10.0,150.06,0.06305062663696992
54967,26.0,4,0,3.0,6.0,229.45,0.06302347978920268
55034,10.0,3,0,8.0,13.0,152.41,0.06302118293918892
50634,30.0,2,1,3.0,6.0,219.04000000000002,0.06300387868420874
50161,9.0,2,0,7.0,6.0,121.15,0.06300331549039526
53496,19.0,3,0,13.0,16.0,180.93,0.06299902375457729
55086,16.0,4,1,1.0,14.0,148.72,0.06296794919899451
54873,7.0,1,0,3.0,20.0,159.52,0.06294279156582729
54242,9.0,3,0,5.0,7.0,153.59,0.06289411660572851
50487,8.0,3,0,6.0,13.0,202.21,0.06285945747388925
51957,8.0,3,0,6.0,13.0,202.21,0.06285945747388925
50598,11.0,3,0,2.0,16.0,126.84,0.0627964405933893
53413,12.0,3,0,3.0,17.0,151.84,0.06277781470489727
50954,17.0,5,0,17.0,34.0,263.28,0.0627646822649158
50626,17.0,2,1,11.0,34.0,233.2,0.06275763731699263
55145,2.0,5,0,5.0,33.0,172.24,0.06273615507394563
50983,11.0,3,0,2.0,16.0,160.77,0.06273607719171072
52453,11.0,3,0,2.0,16.0,160.77,0.06273607719171072
51450,10.0,1,0,0.0,8.0,151.63,0.062709440084646
54476,17.0,1,0,8.0,17.0,149.55,0.06269391058656222
52745,16.0,3,0,9.0,17.0,175.1,0.06267812646253977
51275,16.0,3,0,9.0,17.0,175.1,0.06267812646253977
50187,18.0,5,0,11.0,13.0,152.1,0.06265396578569703
50591,6.0,4,1,2.0,6.0,154.88,0.06265227055294126
51688,4.0,1,1,10.0,13.0,171.43,0.0626514425647812
52846,3.0,3,0,10.0,7.0,168.19,0.06262902952827358
50617,15.0,3,0,0.0,11.0,283.03,0.06258175377778467
53222,6.0,2,0,8.0,10.0,236.58999999999997,0.062526735915479
53191,6.0,2,1,6.0,16.0,188.22,0.0624772907321767
55427,15.0,5,0,5.0,16.0,147.89,0.062471835039087056
54304,4.0,3,0,5.0,25.0,151.32,0.062463693337154486
51777,27.0,3,0,0.0,5.0,137.8,0.062437173073965166
51621,10.0,1,1,2.0,6.0,236.02999999999997,0.06240474866422654
51780,4.0,4,0,8.0,15.0,206.48000000000002,0.06238001147130349
50974,13.0,1,1,2.0,14.0,140.69,0.062379836771480075
50776,9.0,4,0,7.0,9.0,136.92,0.06226014201955089
51356,8.0,4,0,3.0,14.0,124.25999999999999,0.06222744752018656
52054,9.0,1,0,7.0,14.0,150.79,0.06222095253040611
52287,3.0,1,0,7.0,12.0,146.27,0.06221234581207591
53736,14.0,3,0,3.0,9.0,148.45,0.06220083630084665
54339,20.0,5,0,3.0,7.0,229.53,0.062190400157578034
51807,8.0,3,0,3.0,6.0,148.59,0.06216633244723449
54237,9.0,5,0,9.0,7.0,168.12,0.06213519325308628
52879,8.0,3,0,3.0,9.0,220.47,0.062106939798305415
52661,9.0,4,1,0.0,8.0,169.62,0.06210035011636825
51943,15.0,1,1,2.0,6.0,160.62,0.06208426492427412
52794,14.0,4,0,4.0,9.0,189.38,0.062033285801161804
52755,13.0,3,0,4.0,17.0,163.23,0.06201363044704809
50584,9.0,2,0,7.0,14.0,150.79,0.06199590323040019
51927,3.0,3,0,2.0,6.0,138.33,0.06196973797833685
50359,8.0,2,0,2.0,31.0,136.81,0.061921532293278146
50595,20.0,2,1,7.0,10.0,141.63,0.061917342144267085
51416,30.0,3,0,3.0,6.0,154.73,0.06187686090340107
53429,13.0,2,0,9.0,7.0,252.42000000000002,0.06185514152838539
52325,7.0,3,0,7.0,35.0,154.29,0.06184717495628831
50074,11.0,3,0,0.0,8.0,165.53,0.06183223846630631
55092,4.0,3,1,8.0,16.0,171.95,0.061800519725281396
54906,29.0,4,1,8.0,25.0,188.85,0.06178156605690514
53140,13.0,3,0,8.0,15.0,162.55,0.0617704598910154
54142,12.0,1,0,10.0,17.0,178.43,0.061723466931432804
55612,12.0,1,0,10.0,17.0,178.43,0.061723466931432804
52074,27.0,3,0,8.0,23.0,207.39,0.061716750766806404
50224,15.0,2,0,0.0,29.0,259.92,0.06171414888005331
54369,14.0,1,0,3.0,16.0,173.76,0.06167318879853322
53542,30.0,5,0,3.0,11.0,324.43,0.061664183363337524
53230,24.0,4,0,3.0,15.0,163.75,0.06165840692369288
54210,9.0,1,0,2.0,15.0,147.69,0.06165258326796563
55400,5.0,1,0,5.0,31.0,177.38,0.06157671809640384
51873,5.0,1,0,8.0,16.0,153.96,0.06157567347027314
54578,14.0,3,0,13.0,9.0,305.41,0.06157229922242493
54985,16.0,1,0,1.0,36.0,167.72,0.06152624596620401
54117,6.0,4,0,2.0,36.0,153.37,0.06151637015108822
50773,30.0,2,0,5.0,9.0,151.71,0.061498529317810434
52668,19.0,1,0,7.0,8.0,185.78,0.061483260198074416
54493,28.0,3,0,4.0,27.0,173.69,0.06147328405210688
50647,27.0,3,0,0.0,8.0,206.86,0.061437359922331576
52957,5.0,2,0,9.0,30.0,180.82,0.06143293605279204
54501,11.0,1,0,5.0,12.0,188.47,0.06142707284606368
50248,8.0,4,0,0.0,15.0,165.4,0.061253841002730194
54459,10.0,1,0,1.0,25.0,161.88,0.06116607288700795
51139,15.0,4,0,4.0,18.0,127.66,0.06116232626731716
52609,15.0,4,0,4.0,18.0,127.66,0.06116232626731716
51316,9.0,4,0,2.0,10.0,151.31,0.06111068816288393
52136,6.0,1,0,2.0,11.0,171.19,0.061089611222775383
50794,24.0,4,1,10.0,15.0,298.47,0.06100169767522079
51810,10.0,1,0,2.0,6.0,174.91,0.060990704078505174
50062,13.0,3,0,9.0,10.0,290.33,0.06098058459074376
54438,12.0,5,1,8.0,14.0,181.05,0.060972191913673285
53889,7.0,1,1,3.0,23.0,178.68,0.06093951015467146
55359,7.0,1,1,3.0,23.0,178.68,0.06093951015467146
51766,2.0,3,0,3.0,9.0,219.35000000000002,0.06092432136060702
52556,9.0,4,0,13.0,27.0,120.28,0.06091030697253507
50310,4.0,4,0,8.0,15.0,206.48000000000002,0.06089824674048116
51235,7.0,1,1,1.0,9.0,181.03,0.060887870924171326
52705,7.0,1,1,1.0,9.0,181.03,0.060887870924171326
51947,13.0,3,0,0.0,22.0,150.94,0.06084850755471905
50387,9.0,4,1,2.0,15.0,188.47,0.06077503433549371
50671,10.0,2,1,0.0,16.0,166.94,0.060747062690491106
51830,4.0,1,0,7.0,12.0,154.6,0.06072381803118244
53515,16.0,2,0,1.0,36.0,167.72,0.06063479029385866
55386,19.0,4,0,7.0,35.0,292.04,0.06059768304546402
50658,3.0,5,0,2.0,26.0,199.57,0.06057420406056913
51308,10.0,1,1,8.0,16.0,237.44,0.06057124766839125
50916,13.0,4,0,8.0,14.0,237.57,0.06053020368301194
54134,16.0,3,0,15.0,9.0,313.8,0.06052129352337686
51460,7.0,4,0,0.0,12.0,145.05,0.06052003921291754
52951,6.0,4,0,4.0,14.0,152.94,0.060504843051010594
50219,2.0,4,1,7.0,16.0,182.68,0.06048767047993823
52207,19.0,5,0,9.0,8.0,270.48,0.06046598664881072
54014,2.0,1,0,3.0,7.0,152.06,0.06044409001542944
51324,14.0,4,0,4.0,9.0,189.38,0.06044120681040608
52797,11.0,1,0,9.0,16.0,153.43,0.06042782438361181
51327,11.0,1,0,9.0,16.0,153.43,0.06042782438361181
55000,16.0,5,0,6.0,11.0,176.55,0.06041350671271394
53530,16.0,5,0,6.0,11.0,176.55,0.06041350671271394
54980,2.0,4,0,5.0,9.0,157.01,0.06039776065861209
52602,11.0,4,0,5.0,14.0,124.68,0.06038129253787035
51132,11.0,4,0,5.0,14.0,124.68,0.06038129253787035
51853,2.0,3,0,2.0,9.0,155.61,0.06036465573937855
53287,9.0,3,0,3.0,7.0,150.06,0.06035087665648515
50195,5.0,4,1,9.0,14.0,152.28,0.060330379905192105
55080,31.0,1,0,3.0,25.0,230.12,0.06030536890735823
50845,21.0,2,0,8.0,10.0,178.98,0.060283143041172146
51069,11.0,4,0,3.0,14.0,124.4,0.06025243066607571
50622,14.0,3,0,10.0,13.0,299.73,0.06021380321744015
52913,11.0,2,1,8.0,18.0,246.85000000000002,0.06016410678968637
54742,4.0,3,0,3.0,7.0,163.33,0.06013574048596137
52615,16.0,1,0,8.0,8.0,135.39,0.0601168143178562
54939,20.0,5,1,8.0,15.0,171.15,0.06006087479926959
53469,20.0,5,1,8.0,15.0,171.15,0.06006087479926959
54243,29.0,1,0,3.0,7.0,227.39,0.06002570308552892
52911,10.0,4,0,8.0,12.0,184.14,0.05997776863575286
54853,6.0,5,0,4.0,10.0,192.25,0.05996885952162075
52648,8.0,3,0,3.0,29.0,127.05000000000001,0.059926668488974384
54383,11.0,1,1,8.0,18.0,246.85000000000002,0.05991451124705674
51837,16.0,3,1,7.0,15.0,156.79,0.05990426574753304
50921,13.0,3,0,2.0,14.0,123.44999999999999,0.05985738806422894
55537,12.0,1,0,4.0,16.0,172.71,0.059854430249522125
50386,27.0,4,0,1.0,25.0,207.25,0.05983377093534144
53002,19.0,5,0,12.0,14.0,177.1,0.05982833597063068
51519,3.0,5,0,10.0,15.0,130.72,0.05973554379635817
53431,9.0,2,0,3.0,17.0,164.17,0.05973077528906489
51293,4.0,3,0,2.0,8.0,130.67,0.05968475547830314
50589,9.0,2,0,2.0,6.0,122.69999999999999,0.0595915286636224
51351,5.0,1,0,6.0,8.0,130.68,0.05953520411212898
54883,12.0,3,0,3.0,17.0,151.84,0.05951226834293356
54067,12.0,1,0,4.0,16.0,172.71,0.0594921088184968
51493,14.0,5,0,7.0,16.0,271.81,0.05946797636018425
52937,7.0,2,0,3.0,12.0,154.11,0.059426420077735985
54148,14.0,3,0,3.0,9.0,145.01,0.0593351279859491
54316,3.0,3,0,10.0,7.0,168.19,0.05929294480292166
53508,10.0,2,0,10.0,25.0,202.79,0.059275380680323245
50064,7.0,3,0,9.0,8.0,195.47,0.05927515332201051
53304,8.0,2,0,3.0,10.0,162.37,0.059225565909407245
50684,2.0,2,0,7.0,14.0,125.13999999999999,0.05919710277266585
50976,8.0,3,0,2.0,14.0,124.30000000000001,0.059172647909210244
52446,8.0,3,0,2.0,14.0,124.30000000000001,0.059172647909210244
51090,17.0,1,1,7.0,8.0,178.79,0.0591723205913409
50089,24.0,4,0,3.0,14.0,224.89999999999998,0.059156047478710325
53912,19.0,3,0,5.0,7.0,232.48000000000002,0.05913975755964234
54987,12.0,3,0,1.0,7.0,153.44,0.059121844780601666
53097,26.0,3,1,5.0,10.0,204.69,0.0590995272248776
53999,12.0,1,1,4.0,9.0,179.05,0.059022181987243225
55469,12.0,1,1,4.0,9.0,179.05,0.059022181987243225
51753,18.0,1,0,2.0,14.0,126.53999999999999,0.05892388044467449
53839,13.0,5,0,8.0,17.0,178.77,0.058840529422620226
53227,31.0,5,0,3.0,23.0,179.05,0.05884015510273655
54402,6.0,1,0,3.0,33.0,169.65,0.058763935602398544
52445,18.0,4,0,7.0,7.0,174.41,0.058688115241245974
54006,10.0,4,1,1.0,9.0,194.62,0.058677146735771464
51856,27.0,4,0,1.0,25.0,207.25,0.05865282102170518
54954,2.0,3,0,3.0,22.0,147.07,0.05863665907613424
54874,19.0,1,0,3.0,7.0,147.7,0.05862785698383772
52383,18.0,1,1,2.0,35.0,193.8,0.05862637517833472
52436,2.0,5,0,7.0,14.0,197.15,0.05861782565731795
54963,7.0,4,0,3.0,14.0,168.02,0.0586094263558367
51627,15.0,3,0,6.0,6.0,149.07,0.05860575899059073
50700,15.0,2,0,0.0,35.0,142.72,0.05859674327412225
55393,9.0,3,0,8.0,34.0,193.83,0.058580675300413554
50962,23.0,1,1,9.0,28.0,244.11,0.05841891381451798
52660,18.0,3,0,7.0,8.0,151.54,0.0584144028266148
51190,18.0,3,0,7.0,8.0,151.54,0.0584144028266148
51600,2.0,1,0,2.0,26.0,169.31,0.05836756670302832
52224,15.0,5,0,3.0,8.0,162.72,0.05835326160260795
54078,3.0,5,0,3.0,7.0,178.73,0.05834845193293132
51559,24.0,4,0,3.0,14.0,224.89999999999998,0.05834632723068438
52170,15.0,1,0,0.0,35.0,142.72,0.05830705966936138
55304,19.0,5,0,6.0,33.0,168.85,0.058283920609857646
54340,12.0,1,0,2.0,16.0,147.88,0.05824141727477606
55211,16.0,1,0,9.0,16.0,161.73,0.058196370219425086
51178,8.0,3,0,3.0,29.0,127.05000000000001,0.05817315783664676
50799,7.0,4,0,8.0,17.0,144.9,0.058165408541386736
50497,9.0,2,1,11.0,6.0,162.01,0.05812019956457997
51105,13.0,5,1,0.0,14.0,165.16,0.05810139791487883
53582,18.0,2,0,8.0,9.0,145.11,0.05808677231276048
52489,18.0,5,0,5.0,32.0,143.85,0.05806756898322358
50779,2.0,2,1,0.0,13.0,166.23,0.05806285122002219
55309,13.0,5,0,8.0,17.0,178.77,0.05803455237544954
50263,13.0,4,0,3.0,8.0,157.15,0.057997757731351116
51733,13.0,4,0,3.0,8.0,157.15,0.057997757731351116
53916,19.0,4,0,7.0,35.0,292.04,0.057987413816760786
52938,8.0,5,0,10.0,9.0,184.57,0.05798021044915592
51234,4.0,1,1,4.0,16.0,165.83,0.057945973549442635
51903,8.0,5,0,0.0,8.0,150.93,0.057914512857046144
53209,12.0,2,0,6.0,14.0,165.28,0.05789813435906224
52921,26.0,2,0,3.0,9.0,157.12,0.05788908723290015
51968,5.0,1,0,3.0,19.0,144.03,0.0578753081138939
54396,17.0,1,1,10.0,23.0,285.64,0.05784748084781471
51867,0.0,1,1,4.0,9.0,146.47,0.05784491788776973
52191,13.0,1,1,0.0,32.0,144.22,0.057819500674053635
50153,11.0,5,1,7.0,13.0,156.05,0.057818581588978464
53884,12.0,4,0,4.0,9.0,149.4,0.057778843176838526
51854,8.0,1,0,8.0,12.0,166.46,0.057748309696593454
55183,11.0,3,0,4.0,12.0,160.0,0.0576945639217204
52463,7.0,1,0,1.0,7.0,154.84,0.057672414349589377
51417,2.0,4,0,4.0,8.0,127.03,0.05766445279048506
50696,8.0,2,0,2.0,17.0,149.68,0.05759284799925439
50801,15.0,4,1,0.0,14.0,123.72,0.05752229572959989
51531,6.0,4,0,6.0,20.0,127.56,0.057516253240423296
52219,9.0,3,0,7.0,12.0,127.41,0.057473740693471755
55137,30.0,4,1,10.0,30.0,259.02,0.05740476280091822
50130,2.0,2,0,2.0,26.0,169.31,0.05735768504883486
52940,19.0,3,0,3.0,14.0,189.34,0.05735495502631843
54123,11.0,1,1,9.0,17.0,262.44,0.057306038738043706
55593,11.0,1,1,9.0,17.0,262.44,0.057306038738043706
52086,8.0,1,0,2.0,16.0,139.17,0.05729656415757823
53193,27.0,5,0,11.0,7.0,208.81,0.05728658779390184
50151,10.0,2,1,2.0,6.0,236.02999999999997,0.05727636385060285
50720,3.0,3,0,4.0,16.0,165.78,0.057273506752454066
54005,19.0,3,0,8.0,9.0,176.54,0.05720171169033577
55475,19.0,3,0,8.0,9.0,176.54,0.05720171169033577
55274,6.0,5,0,3.0,8.0,165.87,0.05715727574179214
53905,18.0,1,1,8.0,9.0,203.79,0.05712388436205302
53355,10.0,2,1,12.0,21.0,190.86,0.05710739097597628
55350,7.0,1,0,5.0,9.0,180.05,0.057069954639137256
53880,7.0,1,0,5.0,9.0,180.05,0.057069954639137256
54557,17.0,3,1,3.0,15.0,170.22,0.057048028229090865
51534,7.0,3,0,9.0,8.0,195.47,0.05701723297788667
52380,18.0,5,1,7.0,26.0,208.51,0.056999202012155206
55375,18.0,1,1,8.0,9.0,203.79,0.056980877785706784
52870,12.0,2,0,2.0,16.0,147.88,0.05697972016138421
53692,11.0,3,0,3.0,18.0,161.29,0.05693879576645313
51800,2.0,1,0,2.0,25.0,142.62,0.05687564804299418
55382,19.0,3,0,5.0,8.0,232.48000000000002,0.05683282481126552
52434,15.0,4,0,0.0,8.0,148.41,0.05678034029242974
51196,15.0,3,0,3.0,16.0,129.36,0.05675892135678033
51679,16.0,5,0,0.0,13.0,199.85,0.05673312291730506
54774,8.0,1,0,3.0,10.0,162.37,0.05671672360265556
55278,8.0,1,0,2.0,8.0,179.84,0.056715646763992544
53523,11.0,2,0,4.0,32.0,182.31,0.056701197782486855
55066,3.0,1,0,8.0,8.0,286.24,0.0566928613374636
51772,3.0,1,0,7.0,14.0,125.63999999999999,0.05663630508253478
50993,7.0,1,0,1.0,6.0,154.84,0.05663165198495309
53769,18.0,5,0,18.0,35.0,288.28,0.05660919495014652
52876,7.0,4,0,7.0,21.0,152.56,0.056571763527023776
50498,5.0,2,0,3.0,19.0,144.03,0.05652475498455705
50807,3.0,3,1,7.0,15.0,146.95,0.05650277116119292
51295,15.0,5,1,2.0,24.0,154.1,0.05650184061629469
54838,23.0,4,0,8.0,15.0,199.03,0.0564858321475351
54495,19.0,1,0,9.0,15.0,161.97,0.05647022051156678
54412,13.0,3,0,9.0,9.0,234.38,0.05640345166059038
52337,5.0,4,1,2.0,8.0,140.78,0.05640333373334914
52229,6.0,1,0,10.0,15.0,127.81,0.05639082726965464
51913,7.0,1,0,4.0,8.0,162.74,0.05635330974544485
50443,7.0,2,0,4.0,8.0,162.74,0.05633003165804828
55497,29.0,1,0,5.0,9.0,151.62,0.056326494088426195
53879,3.0,4,1,10.0,12.0,166.87,0.05626697550030064
55349,3.0,4,1,10.0,12.0,166.87,0.05626697550030064
50340,10.0,2,0,2.0,6.0,174.91,0.05622687038201067
53591,10.0,4,0,8.0,10.0,161.92,0.05620424058728989
51623,11.0,5,1,7.0,13.0,156.05,0.05620069242744845
54108,5.0,3,0,3.0,9.0,155.67,0.05616763780596192
54240,20.0,4,1,3.0,12.0,175.21,0.05614346817898963
54347,14.0,3,0,10.0,11.0,315.33,0.05614063131376157
53025,19.0,2,0,9.0,15.0,161.97,0.05607931283463496
52160,13.0,3,0,9.0,20.0,296.26,0.05605275959767862
54762,14.0,3,0,1.0,23.0,175.94,0.05601065603606931
54456,16.0,4,0,9.0,33.0,260.25,0.055995794138771204
52585,4.0,1,0,4.0,30.0,152.38,0.055994573934538015
51603,13.0,3,0,9.0,8.0,294.36,0.05595675905964367
51375,19.0,5,0,1.0,8.0,289.47,0.055951800791735236
52355,30.0,5,1,5.0,7.0,297.01,0.05593757368638734
53568,20.0,2,0,5.0,9.0,198.79,0.05587828132415246
50266,16.0,4,0,9.0,18.0,243.36,0.055825384524581675
55287,24.0,3,1,1.0,16.0,318.31,0.055821838941171945
50328,18.0,4,0,7.0,8.0,148.05,0.055799143370045504
50568,5.0,5,0,3.0,9.0,167.25,0.0557880159621744
54399,6.0,4,0,3.0,11.0,164.31,0.05573233123272136
54658,18.0,1,1,2.0,10.0,320.13,0.05572279525620156
51248,12.0,5,0,9.0,15.0,151.51,0.05570030922927485
50690,13.0,3,0,9.0,20.0,296.26,0.0556578464883771
55075,29.0,4,1,1.0,15.0,260.77,0.055656483470106446
55038,20.0,1,0,5.0,9.0,198.79,0.05561047681319709
50749,9.0,3,0,7.0,12.0,127.41,0.055606039803336206
53296,12.0,5,0,3.0,19.0,187.88,0.055600074409442125
52718,12.0,5,0,9.0,15.0,151.51,0.05559658181598516
54679,12.0,1,0,6.0,14.0,165.28,0.05558983784815448
54766,12.0,5,0,3.0,19.0,187.88,0.05557714894670518
52277,3.0,3,1,7.0,15.0,146.95,0.055561570762006456
54346,7.0,4,0,7.0,21.0,152.56,0.055561221619037926
54314,19.0,4,0,16.0,16.0,148.48,0.05554220875505974
52844,19.0,4,0,16.0,16.0,148.48,0.05554220875505974
54787,6.0,3,0,4.0,15.0,176.75,0.05554218256962399
54645,5.0,1,0,8.0,13.0,179.6,0.05553539146742967
54993,11.0,1,0,4.0,32.0,182.31,0.05551872439594528
51678,27.0,3,0,3.0,26.0,148.69,0.05543445985877746
50276,12.0,3,1,6.0,6.0,291.97,0.05539442243855664
51746,12.0,3,1,6.0,6.0,291.97,0.05539442243855664
54743,14.0,4,0,8.0,9.0,167.44,0.05539214297990911
53817,24.0,3,1,1.0,6.0,318.31,0.05539102991675616
54282,7.0,4,0,8.0,29.0,186.46,0.055390546128462836
50721,13.0,2,1,0.0,32.0,144.22,0.05536412979992471
54131,10.0,4,0,3.0,11.0,176.31,0.05527485924413041
54173,5.0,3,0,4.0,33.0,154.11,0.05524654270672627
53605,29.0,4,1,1.0,15.0,260.77,0.05523985186768789
50981,6.0,5,0,2.0,14.0,163.92,0.05523544106706641
52451,6.0,5,0,2.0,14.0,163.92,0.05523544106706641
52996,10.0,4,0,9.0,31.0,181.74,0.055218168427963385
52218,6.0,3,0,1.0,31.0,145.39,0.055214371630425335
52025,4.0,3,0,0.0,26.0,169.32,0.055214338055237185
53901,7.0,4,0,14.0,28.0,145.28,0.05518779100722616
53328,6.0,2,0,3.0,7.0,148.14,0.055176611493901635
52324,13.0,3,0,8.0,8.0,163.77,0.05504395044898539
55373,8.0,1,0,8.0,26.0,154.29,0.055043231547626095
55477,17.0,1,0,8.0,9.0,181.75,0.055028903795443375
51657,18.0,5,0,11.0,13.0,152.1,0.055027441340417614
53006,17.0,2,0,8.0,17.0,149.55,0.05502379599277524
55496,13.0,1,0,3.0,26.0,164.02,0.055010771945871076
52890,12.0,2,0,8.0,36.0,187.61,0.05493142529974284
51148,11.0,3,0,4.0,12.0,137.02,0.0548928041822953
50739,6.0,3,0,4.0,8.0,136.0,0.054890428106255225
52939,11.0,5,0,3.0,7.0,164.2,0.05486897316971633
52083,14.0,3,0,1.0,13.0,150.03,0.05486296799303453
55162,11.0,3,0,3.0,18.0,161.29,0.05483982071173267
52346,25.0,5,0,4.0,14.0,129.5,0.05483468390796894
54116,7.0,1,1,2.0,22.0,37.0,0.05483118068941624
53403,7.0,2,0,3.0,20.0,159.52,0.054816172630634895
51699,10.0,5,1,7.0,12.0,159.74,0.0548045973219111
51817,11.0,3,0,0.0,16.0,198.24,0.05476255779723329
55022,20.0,5,0,10.0,9.0,295.48,0.054750811911170295
51341,9.0,1,0,3.0,14.0,125.71000000000001,0.054742832243134636
52811,9.0,1,0,3.0,14.0,125.71000000000001,0.054742832243134636
53923,9.0,3,0,8.0,34.0,193.83,0.054726029580541846
50771,4.0,5,1,1.0,17.0,168.33,0.05472294939813963
51496,13.0,4,0,13.0,32.0,156.05,0.05470305156457665
53907,17.0,1,1,9.0,9.0,203.47,0.05464305044072655
53609,25.0,4,1,11.0,16.0,323.47,0.0546075281665066
55522,1.0,1,0,8.0,13.0,150.44,0.05459605859140428
54052,1.0,1,0,8.0,13.0,150.44,0.05459605859140428
54466,10.0,4,0,9.0,31.0,181.74,0.054581828575417844
55134,9.0,1,0,1.0,8.0,178.63,0.05456766044010762
53300,17.0,5,0,1.0,21.0,296.59,0.05453866314542891
51790,21.0,1,0,7.0,8.0,140.51,0.05450570950904005
52253,17.0,4,0,10.0,11.0,282.13,0.05447600731281625
51390,3.0,1,0,7.0,6.0,140.11,0.05444255975526111
51092,16.0,1,1,8.0,8.0,178.47,0.05443814181551892
53564,10.0,3,0,8.0,13.0,152.41,0.05439758760890977
50321,28.0,4,0,7.0,24.0,268.35,0.0543626718523878
52589,18.0,3,0,3.0,10.0,197.56,0.05435793320803413
51119,18.0,3,0,3.0,10.0,197.56,0.05435793320803413
53273,14.0,4,0,8.0,9.0,167.44,0.05433073851080737
51123,4.0,3,0,2.0,11.0,183.46,0.05427995257885642
54644,9.0,1,0,3.0,32.0,161.81,0.0542778080517389
54688,6.0,1,0,9.0,17.0,178.96,0.054225955304863
54125,26.0,1,0,1.0,14.0,159.82,0.054215604624550114
52575,13.0,5,1,0.0,14.0,165.16,0.054176711968374335
54670,7.0,1,0,8.0,13.0,202.25,0.0541730763245494
55056,5.0,5,1,2.0,18.0,193.33,0.05415170107919913
52973,3.0,2,0,10.0,9.0,170.54,0.05413562040442826
54408,8.0,5,0,10.0,9.0,184.57,0.054101640695706124
53729,22.0,5,0,3.0,14.0,179.86,0.05408535763556323
52765,15.0,5,1,2.0,24.0,154.1,0.05408468346079911
53894,27.0,1,0,3.0,31.0,195.05,0.05406562730701791
55364,27.0,1,0,3.0,31.0,195.05,0.05406562730701791
51150,4.0,1,0,7.0,35.0,154.68,0.05398389346748801
50348,10.0,4,0,3.0,6.0,164.47,0.05397011433594075
51554,13.0,1,0,2.0,15.0,148.76,0.053963193840370564
54765,16.0,4,0,9.0,36.0,169.34,0.0539336758774602
52579,3.0,1,0,8.0,22.0,128.62,0.053902909274637034
51109,3.0,1,0,8.0,22.0,128.62,0.053902909274637034
54296,10.0,4,0,2.0,13.0,174.41,0.05388679881256331
53985,15.0,4,0,3.0,12.0,193.7,0.05385365712053911
55604,16.0,3,0,15.0,9.0,313.8,0.05377840625110265
54200,7.0,5,0,4.0,7.0,178.76,0.05371914397726877
50182,5.0,3,0,8.0,13.0,154.84,0.053715198095553356
50142,4.0,2,0,8.0,29.0,155.82,0.05369045008874166
55149,15.0,1,1,4.0,29.0,179.67,0.05367357825714041
50588,6.0,2,0,2.0,19.0,134.52,0.05366748456090187
54138,10.0,1,0,12.0,22.0,179.06,0.05362954461519994
54452,10.0,4,0,8.0,10.0,169.85,0.05361931342923608
53930,5.0,1,0,5.0,31.0,177.38,0.05360671356448823
51749,14.0,5,0,7.0,6.0,183.92,0.0535965097178672
50214,3.0,3,0,2.0,11.0,161.18,0.05358169643774763
55523,19.0,3,0,4.0,8.0,178.99,0.05355608754051223
55371,7.0,4,0,14.0,28.0,145.28,0.053487000516237844
51086,9.0,4,0,13.0,27.0,120.28,0.053481685716171866
50232,15.0,2,0,0.0,8.0,167.81,0.053465797218905674
52062,14.0,3,0,11.0,15.0,294.19,0.05344413484106012
50713,13.0,3,0,13.0,15.0,234.99,0.05340009353038898
54610,13.0,3,0,8.0,15.0,162.55,0.053387694280855505
52786,9.0,4,0,2.0,10.0,151.31,0.053377020913294014
52322,29.0,4,1,9.0,29.0,234.01999999999998,0.0533757685443095
54358,16.0,3,0,3.0,28.0,177.65,0.05335982351034057
52888,16.0,3,0,3.0,28.0,177.65,0.05335982351034057
52775,12.0,1,0,7.0,30.0,141.08,0.05331059038358591
55455,15.0,4,0,3.0,12.0,193.7,0.05328670903884183
54407,7.0,1,0,3.0,12.0,154.11,0.05327021128153226
52475,15.0,1,0,1.0,15.0,296.13,0.053265102174885066
51005,15.0,1,0,1.0,15.0,296.13,0.053265102174885066
53210,3.0,2,0,9.0,7.0,152.2,0.0532388409263693
50924,7.0,5,0,12.0,9.0,147.59,0.053211462578508284
52394,7.0,5,0,12.0,9.0,147.59,0.053211462578508284
50574,8.0,3,0,0.0,24.0,146.01,0.053193692074893294
53404,19.0,2,0,3.0,7.0,147.7,0.05316820351274961
52933,15.0,5,0,1.0,26.0,155.72,0.053165512186067555
51104,14.0,4,0,2.0,10.0,164.3,0.05316448753349155
52574,14.0,4,0,2.0,10.0,164.3,0.05316448753349155
53031,11.0,2,0,5.0,12.0,188.47,0.05314643075906156
52058,6.0,1,0,2.0,19.0,134.52,0.0531455710342821
55252,7.0,4,0,3.0,32.0,168.2,0.0531045867207274
50604,27.0,3,0,8.0,23.0,207.39,0.053099498525497134
54552,14.0,3,0,1.0,9.0,159.48,0.05307627282372818
50136,5.0,4,0,3.0,13.0,127.94,0.053055555368703856
51192,16.0,1,0,7.0,8.0,156.75,0.053031211400314575
53713,11.0,3,0,4.0,12.0,160.0,0.0530130531100583
54364,14.0,1,1,8.0,26.0,152.41,0.0529906553413867
53143,19.0,4,0,8.0,9.0,173.05,0.0529184035744915
51689,2.0,4,1,7.0,16.0,182.68,0.05288734289421935
50145,9.0,2,0,11.0,12.0,132.1,0.05286034180120438
51428,28.0,1,0,0.0,6.0,202.39,0.05284631189230058
50425,7.0,3,0,3.0,14.0,161.42,0.05283056183882017
53741,16.0,1,0,9.0,16.0,161.73,0.05276379165517329
51151,24.0,3,0,3.0,9.0,231.16000000000003,0.05272678640125011
52621,24.0,3,0,3.0,9.0,231.16000000000003,0.05272678640125011
50367,16.0,3,1,7.0,15.0,156.79,0.052725561287729567
51023,22.0,5,0,4.0,31.0,132.11,0.052723700048681175
51736,16.0,4,0,9.0,18.0,243.36,0.05271470500597496
54409,11.0,5,0,3.0,7.0,164.2,0.0526737910398091
53856,18.0,1,1,3.0,7.0,182.43,0.05267120438982687
53898,29.0,4,0,3.0,29.0,160.37,0.05266860326747972
55368,29.0,4,0,3.0,29.0,160.37,0.05266860326747972
55441,11.0,4,0,8.0,15.0,165.71,0.05263047251883726
52068,11.0,3,0,2.0,16.0,126.84,0.05260794634582067
52027,11.0,5,0,11.0,6.0,235.82,0.05260630871798179
54196,17.0,3,0,5.0,9.0,151.45,0.05257683142095739
50772,4.0,5,0,8.0,30.0,168.12,0.052552887230150024
53777,24.0,1,1,10.0,29.0,269.11,0.052480077578049934
55247,24.0,1,1,10.0,29.0,269.11,0.052480077578049934
54009,3.0,1,0,11.0,27.0,163.12,0.052474016132122235
55479,3.0,1,0,11.0,27.0,163.12,0.052474016132122235
52618,11.0,3,0,4.0,12.0,137.02,0.052451565101097386
55550,5.0,5,0,8.0,8.0,175.03,0.05244154990700576
54027,29.0,1,0,5.0,9.0,151.62,0.05243393467235874
50049,3.0,5,0,10.0,15.0,130.72,0.05241455949770015
50070,18.0,2,0,8.0,8.0,267.92,0.05238775649637075
53317,6.0,3,0,4.0,15.0,176.75,0.05237778087907392
50116,9.0,3,0,2.0,6.0,122.32,0.05237231608537777
54063,13.0,5,0,10.0,16.0,176.51,0.052351409773063434
51198,19.0,1,0,7.0,8.0,185.78,0.05232176605722177
54512,6.0,4,0,8.0,9.0,148.7,0.05229058114687452
53087,17.0,3,1,3.0,15.0,170.22,0.05225965012937907
51339,4.0,5,0,7.0,11.0,199.36,0.0522166008438885
54405,19.0,1,0,8.0,7.0,317.02,0.052182219805541434
52271,15.0,4,1,0.0,14.0,123.72,0.0521784394483844
52791,14.0,4,0,10.0,34.0,235.7,0.05216039605418619
51321,14.0,4,0,10.0,34.0,235.7,0.05216039605418619
50133,13.0,3,0,9.0,8.0,294.36,0.05212942107443711
52081,21.0,3,0,2.0,12.0,142.4,0.052121226508443114
50611,21.0,3,0,2.0,12.0,142.4,0.052121226508443114
52756,13.0,4,0,10.0,8.0,156.77,0.05206591251992162
51286,13.0,4,0,10.0,8.0,156.77,0.05206591251992162
52605,3.0,3,0,7.0,22.0,152.94,0.05205307509199556
53903,8.0,1,0,8.0,26.0,154.29,0.05199665726439012
52632,13.0,5,0,2.0,8.0,133.77,0.051980802276729306
52567,18.0,3,0,4.0,7.0,207.48000000000002,0.05194267467771617
50123,7.0,5,0,9.0,8.0,159.57,0.05190381498050721
54509,16.0,1,0,1.0,30.0,284.92,0.05186346628498234
51950,15.0,4,0,8.0,35.0,144.34,0.05182298564911261
52047,26.0,3,0,2.0,8.0,248.51999999999998,0.051773885955647705
52802,8.0,3,1,2.0,24.0,156.89,0.05177263630352775
51097,18.0,3,0,4.0,6.0,207.48000000000002,0.051713198130735626
55008,8.0,5,0,10.0,8.0,178.43,0.0516860266975649
50926,15.0,1,0,8.0,15.0,136.73,0.051644687757416236
54043,18.0,5,0,3.0,7.0,175.33,0.051586946937686305
54855,7.0,1,0,5.0,7.0,194.49,0.05158281574321972
54669,9.0,1,0,9.0,13.0,191.46,0.05156349287128527
52193,7.0,5,0,9.0,7.0,153.43,0.05152700307595448
54026,13.0,1,0,3.0,26.0,164.02,0.051510725067127026
54697,31.0,5,0,3.0,23.0,179.05,0.05149456492307647
50864,14.0,2,1,3.0,28.0,154.67,0.05148396523882219
55618,14.0,3,0,3.0,9.0,145.01,0.05147577383157042
52877,14.0,3,0,10.0,11.0,315.33,0.05143910142551523
52702,14.0,4,0,4.0,14.0,143.93,0.05143253159291811
53247,27.0,2,0,3.0,13.0,149.5,0.05138493442444628
52120,28.0,5,0,2.0,8.0,267.56,0.05127925225229494
50650,28.0,5,0,2.0,8.0,267.56,0.05127925225229494
50728,2.0,2,0,8.0,12.0,131.31,0.05123734068974811
50854,13.0,3,0,8.0,8.0,163.77,0.051224050928312066
52183,13.0,3,0,13.0,15.0,234.99,0.05116354496822743
52190,3.0,3,0,4.0,16.0,165.78,0.05112938078650987
54360,12.0,1,0,8.0,36.0,187.61,0.05111926116056984
50530,12.0,2,0,4.0,8.0,152.04,0.05110486320494281
50144,18.0,2,1,10.0,26.0,234.95999999999998,0.05109570301766616
52613,7.0,3,1,7.0,16.0,140.01,0.051085103532596425
51143,7.0,3,1,7.0,16.0,140.01,0.051085103532596425
52704,4.0,1,1,4.0,16.0,165.83,0.051047766738832226
55044,7.0,1,0,11.0,16.0,152.81,0.050997767018637
54932,28.0,3,0,1.0,9.0,231.86,0.050937826520834235
53462,28.0,3,0,1.0,9.0,231.86,0.050888377432693484
54681,22.0,4,0,3.0,9.0,206.2,0.05081333693772705
54717,27.0,1,0,3.0,13.0,149.5,0.05078770112187989
53194,8.0,2,0,9.0,7.0,151.91,0.05077135166932308
55608,10.0,1,0,12.0,22.0,179.06,0.050751557528861214
55433,12.0,3,0,5.0,13.0,162.02,0.050745382888758704
52437,6.0,4,0,2.0,31.0,143.2,0.0507041181591739
51008,13.0,5,0,2.0,20.0,146.39,0.050643279518907396
52478,13.0,5,0,2.0,20.0,146.39,0.050643279518907396
53596,3.0,2,0,8.0,7.0,286.24,0.050630277192852284
51681,13.0,1,1,2.0,6.0,174.57,0.0506071470992872
53270,8.0,5,0,4.0,9.0,168.81,0.0504826771992688
54740,8.0,5,0,4.0,9.0,168.81,0.0504826771992688
54652,17.0,3,1,8.0,16.0,181.79,0.05042236608720753
53882,5.0,1,0,3.0,12.0,179.76,0.0504141423807436
55352,5.0,1,0,3.0,12.0,179.76,0.0504141423807436
53042,6.0,4,0,8.0,9.0,148.7,0.050345038432805495
55601,10.0,4,0,3.0,11.0,176.31,0.050254948187468944
54418,14.0,3,0,10.0,9.0,319.36,0.05022610469599884
55326,18.0,1,1,3.0,8.0,182.43,0.05022144271270236
52494,12.0,5,0,7.0,16.0,153.77,0.05019739828043923
51469,24.0,3,0,15.0,12.0,295.37,0.05015713397318915
54502,12.0,1,1,10.0,22.0,240.10000000000002,0.050147993340973356
55578,5.0,3,0,3.0,9.0,155.67,0.05007576371400488
52469,8.0,3,1,4.0,16.0,161.42,0.05004152858604506
54436,11.0,1,1,3.0,7.0,261.03,0.0500411389335758
54305,6.0,1,0,8.0,16.0,171.68,0.050021491811786375
53295,16.0,4,0,9.0,36.0,169.34,0.04999594382052659
55052,18.0,1,0,8.0,9.0,145.11,0.04998233651775375
55259,14.0,1,1,3.0,15.0,165.69,0.04995971065607286
55562,29.0,4,1,5.0,33.0,321.36,0.04990196439557993
54092,29.0,4,1,5.0,33.0,321.36,0.04990196439557993
51162,13.0,5,0,2.0,8.0,133.77,0.04987829963166166
52545,9.0,3,0,2.0,32.0,153.47,0.04986647563762523
51075,9.0,3,0,2.0,32.0,153.47,0.04986647563762523
53490,16.0,5,0,8.0,9.0,301.65,0.049866309061527794
50754,15.0,5,0,3.0,8.0,162.72,0.04985866332394406
50200,3.0,2,0,9.0,34.0,157.75,0.04978247900444644
50412,30.0,5,0,2.0,22.0,154.05,0.049769795354511794
53015,4.0,2,0,10.0,35.0,182.75,0.049768771105526556
55626,10.0,1,0,4.0,30.0,150.71,0.04975447776307646
54156,10.0,1,0,4.0,30.0,150.71,0.04975447776307646
53990,14.0,1,0,4.0,7.0,190.13,0.04973703746047968
50206,16.0,3,0,0.0,16.0,152.57,0.049676627468692544
52493,22.0,5,0,4.0,31.0,132.11,0.04967123348511245
54469,31.0,3,1,3.0,7.0,181.6,0.0496644152159214
52999,31.0,3,1,3.0,7.0,181.6,0.0496644152159214
50031,2.0,3,0,9.0,6.0,143.19,0.04963132230044487
50681,18.0,3,0,12.0,15.0,155.93,0.049622832128951785
53960,17.0,1,0,9.0,9.0,160.39,0.04960027990222874
51412,9.0,4,0,3.0,17.0,164.99,0.049588497458584034
53023,28.0,3,0,4.0,27.0,173.69,0.04957652551954146
53679,15.0,2,1,4.0,29.0,179.67,0.04953682174713303
52141,10.0,1,1,0.0,16.0,166.94,0.049518526078630214
51955,16.0,5,0,0.0,20.0,271.59,0.04948300113316795
50338,7.0,2,0,7.0,27.0,153.37,0.04946221480824486
55257,14.0,1,1,8.0,13.0,289.37,0.049446626781426264
53787,14.0,1,1,8.0,13.0,289.37,0.049446626781426264
53021,17.0,3,0,1.0,17.0,177.57,0.04940231367391682
54851,5.0,1,1,6.0,19.0,183.55,0.04939379851773558
50602,4.0,5,0,3.0,6.0,141.48,0.04939363844791181
53180,17.0,2,1,1.0,13.0,291.27,0.0493287323456762
51408,23.0,3,1,8.0,13.0,287.4,0.04928338198168811
50616,8.0,2,0,2.0,16.0,139.17,0.04927275272963165
51864,11.0,1,0,5.0,13.0,140.28,0.049255070634079655
53789,14.0,1,1,3.0,15.0,165.69,0.04915612322098828
55460,14.0,1,0,4.0,8.0,190.13,0.04914258591468197
54620,15.0,3,1,8.0,9.0,193.11,0.049107797789245365
53150,15.0,3,1,8.0,9.0,193.11,0.049107797789245365
55377,17.0,1,1,9.0,9.0,203.47,0.04905070641220554
53307,25.0,3,0,18.0,33.0,288.07,0.04901445929813824
52409,2.0,3,0,4.0,25.0,186.2,0.04896756333198724
50939,2.0,3,0,4.0,25.0,186.2,0.04896756333198724
52750,15.0,3,0,7.0,29.0,143.32,0.048966565005352486
52334,14.0,1,1,3.0,28.0,154.67,0.04895199519717863
55013,3.0,1,0,9.0,13.0,156.31,0.04894528783514161
54064,12.0,4,1,8.0,15.0,146.33,0.04893094983737261
55534,12.0,4,1,8.0,15.0,146.33,0.04893094983737261
53182,17.0,3,1,8.0,16.0,181.79,0.04892149273589134
52424,17.0,5,0,17.0,34.0,263.28,0.04890514367002568
53153,8.0,2,0,8.0,28.0,178.37,0.048875635087729144
53136,29.0,4,0,8.0,25.0,293.35,0.04882610752335471
52735,4.0,5,0,7.0,7.0,150.03,0.0487925061052808
54916,19.0,1,0,2.0,18.0,301.5,0.048776739241799594
51483,12.0,3,0,9.0,10.0,159.02,0.048776457521539036
53691,26.0,5,0,5.0,15.0,154.5,0.04877070520138672
50436,7.0,5,0,0.0,14.0,151.21,0.04874457156249392
51906,7.0,5,0,0.0,14.0,151.21,0.04874457156249392
52269,7.0,4,0,8.0,17.0,144.9,0.04869538987035663
50485,16.0,5,0,0.0,20.0,271.59,0.048665556653235104
52459,5.0,5,0,2.0,7.0,140.87,0.04865321363890333
54898,15.0,3,0,2.0,14.0,175.03,0.048644063739555106
52223,19.0,1,0,4.0,8.0,173.79,0.048477694713881296
53417,5.0,5,0,4.0,7.0,166.48,0.048447380104109164
50999,8.0,3,1,4.0,16.0,161.42,0.048428884509655795
54811,17.0,1,0,3.0,7.0,180.62,0.0484248176869249
54443,3.0,1,0,10.0,9.0,170.54,0.04841610895110716
52686,9.0,3,1,7.0,16.0,156.73,0.04839249999377401
50084,13.0,2,0,2.0,15.0,148.76,0.04838832134033583
53368,23.0,4,0,8.0,15.0,199.03,0.04838154190861629
52038,5.0,5,0,3.0,9.0,167.25,0.048377422160236175
53385,7.0,2,0,5.0,7.0,194.49,0.04837534111784968
50368,21.0,5,0,2.0,6.0,254.01999999999998,0.04836024557809228
55465,14.0,5,0,8.0,19.0,169.48,0.04834877130456435
51690,8.0,4,0,13.0,11.0,180.95,0.04832845389385725
50592,14.0,3,0,11.0,15.0,294.19,0.048296874866357406
50648,29.0,3,0,3.0,15.0,129.42,0.048295311227211875
54983,8.0,3,0,3.0,9.0,165.33,0.04825736829777391
53513,8.0,3,0,3.0,9.0,165.33,0.04825736829777391
51542,8.0,4,0,2.0,8.0,144.25,0.04825279148306128
52096,17.0,1,1,11.0,34.0,233.2,0.04816868471132627
52154,2.0,1,0,7.0,14.0,125.13999999999999,0.048122112318772364
50075,11.0,2,0,7.0,35.0,162.61,0.048114214200371666
50885,30.0,5,1,5.0,6.0,297.01,0.048104409490574124
50394,11.0,2,0,5.0,13.0,140.28,0.048097576926088396
54410,19.0,3,0,3.0,14.0,189.34,0.04804474990156156
50971,6.0,3,1,7.0,34.0,152.07,0.048038815014099
55533,13.0,5,0,10.0,16.0,176.51,0.04801241896142617
54589,21.0,1,0,5.0,9.0,175.7,0.048008491524467074
54391,26.0,1,0,3.0,9.0,157.12,0.048007647295415914
55130,22.0,1,0,9.0,11.0,203.98,0.047974886632033364
52997,6.0,3,0,9.0,14.0,179.84,0.047971236716461564
51191,9.0,4,1,0.0,8.0,169.62,0.04789755907391566
52733,2.0,5,0,2.0,7.0,153.73,0.04785567943861291
51835,16.0,1,1,0.0,12.0,266.27,0.04783777553788068
55024,7.0,3,0,5.0,9.0,161.0,0.047836137144194615
54770,17.0,5,0,1.0,21.0,296.59,0.04783451216115097
55225,4.0,3,0,4.0,8.0,145.64,0.0478276275310193
51987,5.0,4,0,3.0,11.0,165.24,0.0477805848060066
54663,27.0,5,0,11.0,7.0,208.81,0.04777420718465245
54244,12.0,1,1,10.0,13.0,178.29,0.04777198485861897
52638,12.0,1,0,2.0,26.0,141.27,0.047706705274794016
51168,12.0,1,0,2.0,26.0,141.27,0.047706705274794016
51872,12.0,3,0,10.0,8.0,145.53,0.04769498271011469
55199,22.0,5,0,3.0,14.0,179.86,0.047653317470355824
52809,4.0,5,0,7.0,11.0,199.36,0.04762213195844087
50378,26.0,5,0,10.0,6.0,183.81,0.04761659289810731
51865,2.0,1,0,8.0,6.0,127.19999999999999,0.04756997573166672
55161,26.0,5,0,5.0,15.0,154.5,0.047542608831735444
51503,30.0,4,1,0.0,15.0,133.46,0.04753096899020744
53039,16.0,2,0,1.0,30.0,284.92,0.04752918097695974
54876,7.0,4,1,3.0,7.0,179.88,0.0475214528564965
53755,4.0,3,0,4.0,7.0,145.64,0.04751988336412833
51849,7.0,1,0,8.0,6.0,126.91,0.04745043916473187
52734,5.0,1,0,2.0,21.0,166.67,0.04742044944388935
51264,5.0,1,0,2.0,21.0,166.67,0.04742044944388935
50769,2.0,2,0,2.0,6.0,137.6,0.047415490341923355
53565,4.0,3,0,10.0,14.0,159.91,0.047404857182529764
54222,12.0,1,0,10.0,36.0,149.06,0.04734204117276733
50209,16.0,5,0,0.0,13.0,199.85,0.047335383596888485
52101,18.0,1,0,1.0,17.0,276.5,0.047324901723346496
51566,9.0,4,0,7.0,11.0,159.14,0.047318479647896566
50229,10.0,5,1,7.0,12.0,159.74,0.047307588536181375
50432,26.0,2,0,2.0,14.0,124.5,0.04729644619404944
52103,7.0,1,0,9.0,6.0,197.25,0.047287183440406944
52758,3.0,4,0,7.0,7.0,137.48,0.04726164011655084
51247,29.0,5,0,0.0,17.0,153.8,0.047234076715272785
52717,29.0,5,0,0.0,17.0,153.8,0.047234076715272785
55061,10.0,4,0,8.0,10.0,161.92,0.04721832121956788
54166,6.0,1,0,7.0,9.0,155.68,0.04721065957567873
52000,12.0,1,0,4.0,8.0,152.04,0.04712888421075493
53554,7.0,3,0,5.0,9.0,161.0,0.047128083102297526
53184,18.0,3,0,3.0,7.0,184.85,0.047125723612839426
54654,18.0,3,0,3.0,7.0,184.85,0.047125723612839426
52166,8.0,1,0,2.0,17.0,149.68,0.047098032772869454
52622,10.0,4,0,3.0,15.0,141.89,0.04706386663673753
51593,7.0,5,0,9.0,8.0,159.57,0.047063406843569876
50526,16.0,2,0,2.0,6.0,155.62,0.04705598689258473
51963,17.0,4,0,3.0,10.0,159.33,0.04703280763411982
50493,17.0,4,0,3.0,10.0,159.33,0.04703280763411982
51024,12.0,5,0,7.0,16.0,153.77,0.04700685354274616
51545,11.0,1,0,7.0,35.0,162.61,0.047002314208718345
53963,12.0,3,0,5.0,13.0,162.02,0.04699647236805389
53082,14.0,3,0,1.0,9.0,159.48,0.04699282939168685
52246,9.0,4,0,7.0,9.0,136.92,0.04697540583267326
52898,10.0,2,0,8.0,25.0,146.53,0.046963478199132457
53543,3.0,2,0,9.0,13.0,156.31,0.04695817823021713
55586,7.0,1,1,2.0,22.0,173.78,0.04695145447504731
50395,2.0,2,0,8.0,6.0,127.19999999999999,0.046923284382174336
54074,10.0,4,0,3.0,16.0,153.1,0.046901108168932865
55544,10.0,4,0,3.0,16.0,153.1,0.046901108168932865
51429,11.0,1,1,9.0,12.0,153.29,0.046895995502119654
53032,12.0,2,1,10.0,22.0,240.10000000000002,0.04680135406527565
51540,18.0,1,0,8.0,8.0,267.92,0.04679460410136391
54357,9.0,4,0,3.0,9.0,169.25,0.046786742661473715
52221,17.0,1,0,17.0,35.0,145.41,0.046774008666878905
53715,21.0,3,0,7.0,9.0,296.69,0.04677111961676128
54368,10.0,1,0,8.0,25.0,146.53,0.046759683315667766
53168,24.0,4,0,8.0,10.0,307.0,0.04674357734741978
55319,11.0,3,0,3.0,26.0,182.68,0.04673939630901287
53849,11.0,3,0,3.0,26.0,182.68,0.04673939630901287
53700,31.0,5,1,6.0,7.0,322.01,0.04673449944285007
50396,21.0,4,0,2.0,8.0,181.2,0.04669537149650619
51323,9.0,1,0,11.0,21.0,154.06,0.046694221888414905
50282,25.0,3,1,4.0,9.0,179.69,0.046685221641688826
52209,6.0,3,0,4.0,8.0,136.0,0.04667375773404799
53341,17.0,2,0,3.0,7.0,180.62,0.046641687259046605
52673,19.0,5,0,8.0,9.0,232.25,0.04662149691905451
50913,18.0,1,1,2.0,35.0,193.8,0.04661969371948837
53626,6.0,2,0,9.0,15.0,187.09,0.0465778610123674
52317,24.0,4,0,3.0,17.0,231.42000000000002,0.0465655310609757
50847,24.0,4,0,3.0,17.0,231.42000000000002,0.0465655310609757
55030,20.0,4,0,4.0,22.0,315.81,0.04655504162278674
51184,11.0,1,1,3.0,8.0,154.05,0.0465470472241097
52654,11.0,1,1,3.0,8.0,154.05,0.0465470472241097
55115,16.0,3,1,11.0,9.0,303.61,0.04653703329289391
50633,7.0,2,0,9.0,6.0,197.25,0.04653673951772688
50270,4.0,5,0,12.0,13.0,143.06,0.04652305345861048
50033,30.0,4,1,0.0,15.0,133.46,0.04649711894306038
54053,19.0,3,0,4.0,7.0,178.99,0.046496354735073596
52562,16.0,1,1,8.0,8.0,178.47,0.046494009377066395
53952,12.0,1,1,1.0,25.0,183.11,0.04647007543078001
55422,12.0,1,1,1.0,25.0,183.11,0.04647007543078001
54472,19.0,5,0,12.0,14.0,177.1,0.04646984895784345
54266,31.0,1,0,3.0,9.0,313.44,0.0464544768568131
52180,7.0,3,0,3.0,15.0,157.14,0.046453365036132975
50376,5.0,2,1,5.0,15.0,163.22,0.046439292104268594
55606,15.0,4,0,11.0,35.0,260.7,0.04641131855932199
54136,15.0,4,0,11.0,35.0,260.7,0.04641131855932199
55415,23.0,1,0,5.0,18.0,170.07,0.04640931024197512
53945,23.0,1,0,5.0,18.0,170.07,0.04640931024197512
52789,15.0,3,0,14.0,8.0,288.8,0.046367623380330326
51319,15.0,3,0,14.0,8.0,288.8,0.046367623380330326
52481,19.0,5,0,12.0,7.0,275.67,0.04632260133326033
55507,19.0,1,0,9.0,32.0,184.06,0.04632195683790252
54037,19.0,1,0,9.0,32.0,184.06,0.04632195683790252
50989,5.0,5,0,2.0,6.0,140.87,0.04627974675121281
54650,17.0,1,1,1.0,13.0,291.27,0.046275453193353085
52215,19.0,4,0,3.0,21.0,290.81,0.04625771700391023
50402,12.0,3,0,10.0,8.0,145.53,0.04624785314674315
51156,10.0,4,0,7.0,14.0,140.71,0.046209227045207
50619,30.0,2,1,3.0,8.0,237.26,0.0461927150934778
52472,23.0,3,1,0.0,15.0,293.31,0.046187595434958234
53528,14.0,3,0,14.0,16.0,259.99,0.04616973548523008
51280,15.0,3,0,7.0,29.0,143.32,0.04611645671248645
54755,3.0,3,0,8.0,30.0,152.0,0.046105259992901305
51791,28.0,4,0,8.0,24.0,268.35,0.046078855288615425
51212,28.0,1,0,4.0,8.0,126.62,0.046072071127368615
53056,20.0,3,0,1.0,14.0,177.58,0.04605989275065418
53428,15.0,3,0,2.0,14.0,175.03,0.04601051888161159
54998,14.0,3,0,14.0,16.0,259.99,0.04599115900399718
52722,11.0,1,0,3.0,15.0,147.71,0.045966284670674956
53365,31.0,4,1,3.0,12.0,230.52,0.04595282949386344
54835,31.0,4,1,3.0,12.0,230.52,0.04595282949386344
53441,18.0,2,1,12.0,35.0,258.2,0.04595262105677039
50900,20.0,3,0,6.0,8.0,271.69,0.04589320022007711
51288,3.0,4,0,7.0,6.0,137.48,0.0458317762276765
50480,15.0,4,0,8.0,35.0,144.34,0.04583153753635068
50300,30.0,2,0,0.0,35.0,241.18,0.04580673025039846
51194,2.0,1,0,10.0,26.0,138.12,0.04578301037886072
52664,2.0,1,0,10.0,26.0,138.12,0.04578301037886072
51011,19.0,5,0,12.0,6.0,275.67,0.04578048385541527
51220,10.0,5,1,4.0,13.0,142.84,0.04577806745019951
52690,10.0,5,1,4.0,13.0,142.84,0.04577806745019951
53780,11.0,1,0,8.0,20.0,167.85,0.04577048563634439
54349,8.0,3,0,3.0,9.0,220.47,0.04575699150955103
54007,17.0,1,0,8.0,9.0,181.75,0.04572085826118402
53978,16.0,5,0,1.0,20.0,180.38,0.045622986939441515
55448,16.0,5,0,1.0,20.0,180.38,0.045622986939441515
51042,21.0,1,0,2.0,10.0,252.01999999999998,0.04558636688199055
53831,18.0,1,1,11.0,14.0,315.49,0.04557923594020956
54927,24.0,3,1,8.0,9.0,317.37,0.04555303964739165
50914,21.0,5,0,2.0,13.0,154.86,0.04550347724058927
55112,15.0,4,0,10.0,17.0,186.51,0.04547886527252527
53642,15.0,4,0,10.0,17.0,186.51,0.04547886527252527
52370,20.0,3,0,6.0,8.0,271.69,0.04545542742096868
50766,27.0,3,0,4.0,6.0,205.02,0.04544213670384653
52729,9.0,4,0,2.0,15.0,128.1,0.04543138561219836
51259,9.0,4,0,2.0,15.0,128.1,0.04543138561219836
51041,17.0,1,1,2.0,6.0,157.43,0.04543131844388424
50594,18.0,5,1,8.0,29.0,136.33,0.04541856047410246
50072,8.0,4,0,2.0,8.0,144.25,0.04539944570468722
50678,6.0,4,0,2.0,13.0,143.02,0.04536485247775424
53292,14.0,3,0,1.0,23.0,175.94,0.0453446989779311
54680,3.0,1,0,9.0,7.0,152.2,0.04533018505693163
53457,24.0,3,1,8.0,9.0,317.37,0.045304442525469266
55300,6.0,1,0,3.0,12.0,158.12,0.045290954622309115
53830,6.0,1,0,3.0,12.0,158.12,0.045290954622309115
53538,8.0,5,0,10.0,7.0,178.43,0.04527555483276974
54960,16.0,5,0,8.0,9.0,301.65,0.045272944568072036
54313,27.0,3,1,6.0,13.0,148.06,0.04525983845481444
52140,7.0,1,0,4.0,9.0,177.56,0.04525610411726275
53720,14.0,3,0,8.0,16.0,164.75,0.045144526632909514
55565,16.0,3,0,8.0,30.0,168.32,0.04512224420321745
54879,19.0,5,1,9.0,30.0,161.33,0.045110641150735
54526,20.0,3,0,1.0,14.0,177.58,0.04508813598804762
52948,14.0,3,0,10.0,9.0,319.36,0.045009504746022146
51839,17.0,3,0,2.0,6.0,159.85,0.04490443678807477
50369,17.0,3,0,2.0,6.0,159.85,0.04490443678807477
52477,7.0,3,0,7.0,16.0,150.63,0.04490136263936846
52747,28.0,4,1,4.0,32.0,296.36,0.04484940962153794
51277,28.0,4,1,4.0,32.0,296.36,0.04484940962153794
54224,31.0,5,0,10.0,32.0,201.37,0.04483223499574771
53560,20.0,4,0,4.0,22.0,315.81,0.04482657904342548
51959,7.0,1,0,2.0,9.0,137.37,0.044789131952008794
51920,7.0,1,0,3.0,6.0,132.8,0.04468162066389683
53822,8.0,3,0,8.0,17.0,175.63,0.044650897382943845
50373,17.0,2,1,1.0,9.0,295.13,0.04461455922450163
51829,8.0,1,0,2.0,31.0,136.81,0.04455517955543268
50146,28.0,5,1,13.0,6.0,290.45,0.04453161867577473
51616,28.0,5,1,13.0,6.0,290.45,0.04453161867577473
50670,7.0,2,0,4.0,9.0,177.56,0.044483156584189394
53588,31.0,2,0,6.0,10.0,176.71,0.044469295754193304
51007,7.0,3,0,7.0,16.0,150.63,0.04443431712782459
51549,13.0,1,1,7.0,25.0,127.41,0.04435197241497314
53367,9.0,2,1,8.0,28.0,165.14,0.044319015051190305
50965,10.0,1,0,7.0,19.0,142.85,0.04430788662656473
54911,18.0,1,1,12.0,35.0,258.2,0.04429860860924691
52511,17.0,1,1,2.0,7.0,157.43,0.04424976406588778
53392,27.0,3,0,3.0,9.0,273.52,0.04424835217184752
54862,27.0,3,0,3.0,9.0,273.52,0.04424835217184752
54536,23.0,3,0,1.0,14.0,234.64999999999998,0.04423891443470771
53119,21.0,2,0,5.0,9.0,175.7,0.04423587494129831
54753,21.0,1,1,1.0,9.0,292.52,0.044197768335583906
54592,28.0,3,0,1.0,6.0,162.8,0.044191550782535775
51409,30.0,5,0,9.0,31.0,176.37,0.04416128325327842
54736,28.0,5,1,5.0,26.0,179.85,0.04412985330741675
53266,28.0,5,1,5.0,26.0,179.85,0.04412985330741675
55185,21.0,3,0,7.0,9.0,296.69,0.04412782075711872
52793,9.0,1,0,11.0,21.0,154.06,0.0441206381711631
51103,4.0,3,0,3.0,8.0,134.77,0.044095022848020735
52512,21.0,1,0,2.0,10.0,252.01999999999998,0.044062394523419396
52220,3.0,3,0,9.0,13.0,134.91,0.04406144471764298
50458,13.0,4,0,7.0,8.0,142.44,0.04396001711956634
50710,7.0,3,0,3.0,15.0,157.14,0.043957063741366834
53146,7.0,3,0,6.0,7.0,286.84,0.04394210047116358
52529,9.0,5,0,4.0,9.0,168.42,0.043915834913084394
51115,4.0,1,0,4.0,30.0,152.38,0.04391550826569199
51587,5.0,1,0,2.0,32.0,144.65,0.04385471062349027
51467,6.0,4,0,7.0,28.0,161.46,0.04384430445909258
52375,13.0,3,0,7.0,15.0,139.75,0.04376577953947914
54062,30.0,5,0,1.0,18.0,178.8,0.04375563008253714
55532,30.0,5,0,1.0,18.0,178.8,0.04375563008253714
51232,14.0,4,0,4.0,14.0,143.93,0.043690160062759324
55301,18.0,1,1,11.0,14.0,315.49,0.0436568585008495
54039,14.0,5,0,17.0,7.0,293.23,0.04361283970764392
54107,12.0,4,0,9.0,7.0,169.4,0.04359516442483745
52185,15.0,5,0,5.0,10.0,151.55,0.04357412785190475
50715,15.0,5,0,5.0,10.0,151.55,0.04357412785190475
52384,21.0,5,0,2.0,13.0,154.86,0.04356257920827935
54192,18.0,1,1,4.0,17.0,189.65,0.043546692824523864
55590,13.0,1,0,8.0,31.0,166.08,0.04347676307714976
52708,18.0,3,0,3.0,7.0,153.99,0.04346825242794855
55291,9.0,3,0,9.0,35.0,159.07,0.04346460996935683
52314,9.0,5,0,13.0,13.0,146.39,0.04344822267623173
52435,10.0,1,0,7.0,19.0,142.85,0.04342259028030897
53924,4.0,1,0,9.0,23.0,153.62,0.04342200147922961
55394,4.0,1,0,9.0,23.0,153.62,0.04342200147922961
54485,4.0,1,0,10.0,35.0,182.75,0.043418063660447405
51651,9.0,4,0,8.0,30.0,156.74,0.043398408223159886
54032,5.0,3,0,3.0,27.0,166.97,0.04335501243798193
55502,5.0,3,0,3.0,27.0,166.97,0.04335501243798193
50365,16.0,2,1,0.0,12.0,266.27,0.043311357695772136
55292,8.0,3,0,8.0,17.0,175.63,0.0433065884901374
50631,18.0,2,0,1.0,17.0,276.5,0.0432892848254691
51265,4.0,5,0,7.0,6.0,150.03,0.04327882385300158
52978,12.0,2,0,3.0,30.0,182.45,0.04325468487063074
53574,7.0,2,0,11.0,16.0,152.81,0.043241219200449856
51511,23.0,4,0,4.0,17.0,299.26,0.04320904185365729
50029,18.0,4,0,15.0,14.0,123.47999999999999,0.04320490832397094
51499,18.0,4,0,15.0,14.0,123.47999999999999,0.04320490832397094
53549,27.0,3,0,8.0,14.0,311.06,0.043115785198033454
51216,9.0,3,1,7.0,16.0,156.73,0.04311082775269029
53265,8.0,2,0,4.0,7.0,157.8,0.04306431467912996
54491,17.0,3,0,1.0,17.0,177.57,0.04305079140787048
53566,18.0,2,0,18.0,36.0,170.41,0.043029184755060165
52442,13.0,1,1,7.0,12.0,264.37,0.04299473422006628
50972,13.0,1,1,7.0,12.0,264.37,0.04299473422006628
50759,6.0,2,0,10.0,15.0,127.81,0.04297526335767373
52198,2.0,1,0,8.0,12.0,131.31,0.04295177113923008
51902,26.0,1,0,2.0,14.0,124.5,0.04294296149806494
51332,8.0,3,1,2.0,24.0,156.89,0.0429333129163132
52647,30.0,4,0,14.0,8.0,262.91,0.04293062608072624
54567,26.0,3,1,5.0,10.0,204.69,0.04292372360526159
54935,29.0,5,0,3.0,9.0,292.56,0.04289164993939858
53043,22.0,3,0,1.0,36.0,250.04000000000002,0.04283655574224401
52266,7.0,4,0,10.0,25.0,144.44,0.04281163982301098
50597,23.0,3,1,5.0,30.0,239.73000000000002,0.04280917130851577
52425,12.0,4,0,2.0,12.0,183.76,0.042783826874667266
50697,22.0,4,0,3.0,14.0,231.2,0.042767203610219066
52966,11.0,2,1,3.0,7.0,261.03,0.042717239662801575
50642,23.0,3,1,7.0,8.0,292.37,0.042706969323223744
51067,4.0,1,0,2.0,11.0,154.76,0.04265650398056262
52537,4.0,1,0,2.0,11.0,154.76,0.04265650398056262
54590,20.0,3,0,2.0,9.0,303.61,0.04260221444847265
52091,28.0,4,1,7.0,24.0,163.85,0.042583756819476806
51684,3.0,3,0,2.0,11.0,161.18,0.042467964326267676
55054,3.0,1,0,3.0,8.0,162.6,0.04242372771997906
51238,18.0,3,0,3.0,6.0,153.99,0.042423675512359336
51456,24.0,5,0,8.0,6.0,174.84,0.04239833341289144
54448,12.0,1,0,3.0,30.0,182.45,0.04238757954620785
51063,11.0,1,0,9.0,6.0,147.35,0.04236078190085956
51755,15.0,3,0,2.0,35.0,145.56,0.042338144589261086
50285,15.0,3,0,2.0,35.0,145.56,0.042338144589261086
52089,30.0,1,1,3.0,8.0,237.26,0.042303792642975624
52112,23.0,3,1,7.0,8.0,292.37,0.04228733003241548
51301,6.0,1,1,1.0,21.0,12.0,0.042272232041321564
51866,21.0,4,0,2.0,8.0,181.2,0.042265175884264275
53664,9.0,2,0,1.0,7.0,178.63,0.0422313506937064
55262,6.0,4,0,6.0,12.0,183.78,0.042208464754826674
53792,6.0,4,0,6.0,12.0,183.78,0.042208464754826674
53199,9.0,2,0,9.0,13.0,191.46,0.04218051956952701
51996,16.0,1,0,2.0,6.0,155.62,0.042179782617815194
54919,31.0,1,1,5.0,7.0,244.04000000000002,0.04217463144121459
52534,2.0,4,1,9.0,11.0,141.87,0.042174611938860365
51064,2.0,4,1,9.0,11.0,141.87,0.042174611938860365
55531,21.0,4,0,8.0,21.0,179.67,0.04217075362355913
54061,21.0,4,0,8.0,21.0,179.67,0.04217075362355913
51878,20.0,5,0,7.0,20.0,149.6,0.042159593201402557
52044,8.0,3,0,0.0,24.0,146.01,0.04214604718326018
50890,4.0,4,0,0.0,14.0,264.22,0.04204952145316637
52360,4.0,4,0,0.0,14.0,264.22,0.04204952145316637
53081,17.0,4,0,10.0,19.0,268.36,0.0419915718697057
54551,17.0,4,0,10.0,19.0,268.36,0.0419915718697057
51594,10.0,5,0,2.0,6.0,139.2,0.04198279326553021
55577,12.0,4,0,9.0,8.0,169.4,0.04194692201682705
51997,20.0,1,1,7.0,8.0,145.37,0.04192253166513627
55513,18.0,5,0,3.0,8.0,175.33,0.04188256012011005
54807,27.0,1,0,3.0,15.0,243.36,0.0418761909303255
50502,5.0,3,0,3.0,14.0,151.75,0.04186438792196255
50324,13.0,3,0,13.0,12.0,232.37,0.04184135159458861
51794,13.0,3,0,13.0,12.0,232.37,0.04184135159458861
51270,5.0,1,0,0.0,11.0,196.79,0.0418002485103982
55058,31.0,1,0,6.0,10.0,176.71,0.041797812133848984
52650,13.0,5,0,7.0,18.0,144.48,0.041786383059553525
52106,26.0,4,0,12.0,8.0,175.25,0.04177448286410766
51490,5.0,1,0,7.0,15.0,146.68,0.041740233218084476
51252,11.0,1,0,3.0,15.0,147.71,0.0417294341826575
52239,2.0,1,0,2.0,7.0,137.6,0.041720560166034336
51211,12.0,1,0,2.0,25.0,139.02,0.0416770477177628
52626,10.0,4,0,7.0,14.0,140.71,0.04163321301016769
51754,25.0,1,0,4.0,10.0,265.55,0.041588367002091835
51614,18.0,1,1,10.0,26.0,234.95999999999998,0.04158624307369279
52309,11.0,5,0,7.0,8.0,168.93,0.041579455449062025
50839,11.0,5,0,7.0,8.0,168.93,0.041579455449062025
53372,12.0,5,0,12.0,7.0,260.82,0.04151813758701618
54735,8.0,1,0,4.0,7.0,157.8,0.041480651164799244
52681,12.0,1,0,2.0,25.0,139.02,0.04147041590586523
51108,8.0,3,0,7.0,33.0,168.83,0.04143177696873552
50408,20.0,5,0,7.0,20.0,149.6,0.04142402370234967
52864,4.0,5,0,11.0,16.0,155.72,0.04141116269909953
52065,20.0,1,1,7.0,10.0,141.63,0.04138868240953584
53756,29.0,3,1,3.0,11.0,165.35,0.04136318082456718
50811,5.0,2,0,8.0,14.0,162.09,0.04135307903956564
51848,26.0,5,0,10.0,6.0,183.81,0.041349437706377536
51059,9.0,5,0,4.0,9.0,168.42,0.041338110733805375
54385,5.0,3,0,5.0,7.0,168.45,0.04131970494908179
51055,7.0,4,0,9.0,9.0,154.33,0.04130931838823682
50627,23.0,3,0,13.0,6.0,163.47,0.041219338952593804
54785,27.0,1,1,5.0,14.0,234.33999999999997,0.04120325364284492
51838,21.0,5,0,2.0,6.0,254.01999999999998,0.04116536089303675
54097,28.0,5,1,5.0,17.0,169.4,0.04115557579168855
55567,28.0,5,1,5.0,17.0,169.4,0.04115557579168855
54649,16.0,1,0,3.0,9.0,165.89,0.04107925783667256
54513,22.0,3,0,1.0,36.0,250.04000000000002,0.04104304409642541
52393,6.0,5,0,3.0,13.0,143.73,0.0410246517242576
53996,28.0,1,0,8.0,14.0,193.54,0.04098884079697483
55466,28.0,1,0,8.0,14.0,193.54,0.04098884079697483
51798,18.0,4,0,7.0,8.0,148.05,0.04096969720631586
53581,28.0,3,0,3.0,7.0,230.02,0.04094767909757678
54284,25.0,3,0,16.0,13.0,320.37,0.04092094696948456
53660,22.0,2,0,9.0,11.0,203.98,0.040910934604093785
52462,28.0,1,0,13.0,32.0,295.86,0.04090158278608118
52168,7.0,3,0,2.0,8.0,140.33,0.04089877180585718
50698,7.0,3,0,2.0,8.0,140.33,0.04089877180585718
50347,11.0,3,0,0.0,16.0,198.24,0.04089447172876441
51970,26.0,1,1,3.0,13.0,209.33999999999997,0.040892458174709254
53876,17.0,3,0,12.0,22.0,301.03,0.04088717691415355
55250,11.0,1,0,8.0,20.0,167.85,0.04082199394923187
50489,7.0,2,0,2.0,9.0,137.37,0.04078054674133689
54446,11.0,1,0,8.0,7.0,146.15,0.04076970637866878
52506,18.0,1,0,9.0,8.0,157.7,0.04075304743448389
52148,6.0,4,0,2.0,13.0,143.02,0.040690584958773916
52924,24.0,2,0,7.0,7.0,320.17,0.04067797475755832
50723,7.0,5,0,9.0,6.0,153.43,0.040674850049219995
51084,7.0,1,0,13.0,11.0,139.86,0.040672143421205384
53318,26.0,2,0,1.0,32.0,263.26,0.04065694498773098
51322,7.0,3,0,7.0,34.0,167.12,0.04065232401482113
52792,7.0,3,0,7.0,34.0,167.12,0.04065232401482113
55370,31.0,1,0,1.0,8.0,233.82999999999998,0.04064849783627568
52640,14.0,4,0,2.0,11.0,168.7,0.040622749107172174
51721,22.0,3,0,3.0,13.0,209.64999999999998,0.0406221336593334
53352,17.0,4,0,1.0,15.0,172.65,0.04059111607336557
54822,17.0,4,0,1.0,15.0,172.65,0.04059111607336557
51938,20.0,1,1,0.0,8.0,267.52,0.04058109630586571
55106,24.0,5,1,3.0,35.0,293.8,0.04057431058718482
51481,9.0,4,0,1.0,12.0,149.41,0.0405448323537872
55190,14.0,3,0,8.0,16.0,164.75,0.040541691785295264
51801,6.0,3,0,5.0,6.0,261.84,0.040517068827487644
50331,6.0,3,0,5.0,6.0,261.84,0.040517068827487644
54245,8.0,4,0,4.0,7.0,168.25,0.04049595378323488
53442,24.0,3,0,14.0,7.0,188.47,0.04048911138744364
53446,19.0,2,0,2.0,18.0,301.5,0.04048690647083733
51263,2.0,5,0,2.0,6.0,153.73,0.04046070483746061
51843,17.0,1,1,1.0,9.0,295.13,0.040455752842947446
52007,16.0,4,0,0.0,14.0,147.65,0.0404017679871774
50537,16.0,4,0,0.0,14.0,147.65,0.0404017679871774
54842,12.0,5,0,12.0,7.0,260.82,0.04038722603820584
53870,8.0,4,0,10.0,10.0,179.33,0.04038722218379653
54095,16.0,3,0,8.0,30.0,168.32,0.04034363966101822
55506,9.0,4,1,3.0,23.0,172.88,0.0402919806249016
53807,29.0,1,0,14.0,33.0,320.86,0.040288700377562714
50659,14.0,3,0,8.0,13.0,133.76,0.04028114293401984
55430,17.0,1,0,9.0,9.0,160.39,0.04025384824711624
51406,5.0,1,1,8.0,6.0,161.62,0.04024763094881063
50806,24.0,3,0,7.0,12.0,128.38,0.040155114165508744
52915,5.0,3,0,5.0,7.0,168.45,0.04006268717435302
55175,5.0,4,0,1.0,15.0,289.22,0.04005116934938539
53705,5.0,4,0,1.0,15.0,289.22,0.04005116934938539
50849,8.0,2,0,0.0,6.0,153.63,0.04000911806697887
53878,12.0,1,0,10.0,7.0,172.35,0.04000017971855918
50905,13.0,3,0,7.0,15.0,139.75,0.039969036556088536
50745,19.0,4,0,3.0,21.0,290.81,0.03996273611403297
51670,3.0,1,0,9.0,34.0,157.75,0.039949284272108775
55425,29.0,5,0,1.0,9.0,315.38,0.039929767886074004
53613,18.0,5,0,14.0,11.0,316.9,0.039883892048405256
50836,14.0,5,0,7.0,6.0,141.03,0.03980658061598381
52306,14.0,5,0,7.0,7.0,141.03,0.03980658061598381
54394,24.0,1,0,7.0,7.0,320.17,0.03979645968756056
51501,2.0,3,0,9.0,6.0,143.19,0.03978747619374369
53337,27.0,2,0,3.0,15.0,243.36,0.039761868763955883
50708,10.0,2,0,3.0,31.0,157.31,0.039715534070247346
54036,9.0,4,1,3.0,23.0,172.88,0.03964453365482437
50964,15.0,4,0,0.0,8.0,148.41,0.039632033664493346
54664,8.0,1,0,9.0,7.0,151.91,0.03961074859815634
55083,18.0,5,0,14.0,11.0,316.9,0.03960907325567116
55630,8.0,3,0,3.0,15.0,169.04,0.03960379202894238
53955,29.0,5,0,1.0,9.0,315.38,0.03957448988787581
52935,19.0,2,0,8.0,7.0,317.02,0.03951852475425537
52573,4.0,3,0,3.0,8.0,134.77,0.039471191070335324
55019,27.0,3,0,8.0,14.0,311.06,0.03942234220406204
54160,8.0,3,0,3.0,15.0,169.04,0.03941682998306002
53636,24.0,5,1,3.0,35.0,293.8,0.03941183786360783
50557,11.0,5,0,11.0,6.0,235.82,0.03935080599472168
51036,18.0,1,0,9.0,8.0,157.7,0.03934326659349112
52441,6.0,3,1,7.0,34.0,152.07,0.03933268950137674
55462,31.0,4,0,15.0,9.0,287.91,0.039233941571517064
53085,5.0,5,0,13.0,14.0,168.06,0.03918094367553829
51756,3.0,1,0,2.0,8.0,160.91,0.039151164687861194
53120,20.0,3,0,2.0,9.0,303.61,0.0390857088644391
53632,4.0,2,0,8.0,13.0,171.27,0.03906693701283404
51061,16.0,3,0,11.0,21.0,276.03,0.03905121668996923
52531,16.0,3,0,11.0,21.0,276.03,0.03905121668996923
53584,3.0,2,0,3.0,7.0,162.6,0.039018384832459535
50181,9.0,4,0,8.0,30.0,156.74,0.039017733243449045
54616,7.0,3,0,6.0,7.0,286.84,0.03899431609281288
50682,25.0,4,0,0.0,13.0,204.45,0.03898248007865764
52242,4.0,5,0,8.0,30.0,168.12,0.03897180082686118
53956,7.0,4,0,8.0,11.0,155.55,0.03895932487687455
55426,7.0,4,0,8.0,11.0,155.55,0.03895932487687455
50125,18.0,3,0,2.0,13.0,164.34,0.038955674478908485
51775,19.0,3,0,1.0,8.0,278.61,0.03891675065961744
53342,21.0,2,1,8.0,9.0,170.37,0.03891326852915936
52554,7.0,1,0,13.0,11.0,139.86,0.038910147735309195
51702,15.0,1,0,0.0,8.0,167.81,0.038894474542069186
52740,5.0,1,0,0.0,11.0,196.79,0.03888783264623884
50693,9.0,2,0,9.0,24.0,177.79,0.03888011949866779
52319,8.0,1,0,0.0,7.0,153.63,0.038838862734064075
52167,22.0,4,0,3.0,14.0,231.2,0.0387550659784028
52854,31.0,2,1,3.0,31.0,219.39,0.038731906838216916
50527,20.0,2,1,7.0,8.0,145.37,0.038713587905247204
50832,29.0,4,0,7.0,14.0,297.17,0.038665065400235704
52178,10.0,1,0,3.0,31.0,157.31,0.03865379543597406
53478,29.0,4,0,3.0,9.0,234.76,0.0386239267651254
52887,9.0,4,0,3.0,9.0,169.25,0.03860662602445033
51752,25.0,3,1,4.0,9.0,179.69,0.03856592487123277
51740,4.0,5,0,12.0,13.0,143.06,0.0385515237543507
52646,7.0,3,0,8.0,14.0,167.99,0.038528872885866414
50796,7.0,4,0,10.0,25.0,144.44,0.03852152135892349
53873,10.0,3,0,3.0,7.0,168.74,0.03848679289293584
50158,2.0,2,0,9.0,8.0,145.54,0.038460863152567554
54001,31.0,3,1,3.0,22.0,282.87,0.03839401168755932
55471,31.0,3,1,3.0,22.0,282.87,0.03839401168755932
55573,4.0,4,0,8.0,8.0,162.48,0.03832832351697237
51599,15.0,5,1,2.0,23.0,165.45,0.03827435531089587
52129,14.0,3,0,8.0,13.0,133.76,0.038263165810636324
50241,19.0,3,0,0.0,13.0,152.58,0.03826207369171147
54587,4.0,1,0,8.0,9.0,150.64,0.038258988069244285
55509,14.0,5,0,17.0,8.0,293.23,0.038229817533652746
54103,4.0,4,0,8.0,7.0,162.48,0.038229119866439336
51305,12.0,1,0,7.0,30.0,141.08,0.038225924175837166
55277,29.0,1,0,14.0,33.0,320.86,0.03821717157321254
54555,5.0,5,0,13.0,14.0,168.06,0.03819567920322699
53284,10.0,4,0,6.0,7.0,177.28,0.03817993534504639
53465,29.0,5,0,3.0,9.0,292.56,0.03815103719242771
54609,14.0,3,0,14.0,13.0,257.37,0.038136424956230736
53139,14.0,3,0,14.0,13.0,257.37,0.038136424956230736
52701,9.0,4,0,3.0,23.0,155.07,0.03809441699844534
51231,9.0,4,0,3.0,23.0,155.07,0.03809441699844534
50375,6.0,3,0,2.0,14.0,171.04,0.03803004768798054
53252,26.0,5,0,17.0,10.0,293.56,0.03802719697850594
54944,15.0,3,0,9.0,14.0,158.76,0.03796758490606785
54421,6.0,4,0,4.0,14.0,152.94,0.037963817919129256
55116,29.0,3,0,12.0,9.0,316.87,0.037938952302340505
55311,9.0,5,0,11.0,25.0,177.08,0.03793462059336711
52345,15.0,5,0,9.0,16.0,267.99,0.03792563637367967
53407,15.0,3,0,12.0,16.0,319.19,0.037923523989984824
54219,5.0,1,0,8.0,14.0,184.15,0.03790908895131082
54205,4.0,1,0,8.0,7.0,165.11,0.03784030315786193
50727,29.0,5,0,2.0,10.0,299.43,0.03781390700291461
54613,19.0,4,0,8.0,9.0,173.05,0.037791888203893544
55346,17.0,3,0,12.0,22.0,301.03,0.03775732941390414
50284,25.0,2,0,4.0,10.0,265.55,0.037735650185190886
51884,14.0,3,0,10.0,6.0,291.89,0.03770534555602834
50643,10.0,4,0,1.0,9.0,141.07,0.037686407951635206
52113,10.0,4,0,1.0,9.0,141.07,0.037686407951635206
54179,27.0,1,0,8.0,9.0,279.27,0.03766481999448219
54754,10.0,4,0,6.0,7.0,177.28,0.03760568788106076
50307,27.0,3,0,0.0,14.0,137.8,0.03755282327231068
50468,20.0,2,1,0.0,8.0,267.52,0.03752704518617724
50129,15.0,5,1,2.0,23.0,165.45,0.03751611759082999
53881,6.0,4,0,7.0,9.0,179.7,0.037482941244980486
50100,4.0,3,0,4.0,6.0,143.45,0.037409934741707764
54722,26.0,5,0,17.0,10.0,293.56,0.03739512823127024
52104,30.0,1,1,3.0,6.0,219.04000000000002,0.037386515645665704
52762,11.0,4,0,8.0,7.0,144.4,0.037347208549713476
51203,19.0,5,0,8.0,9.0,232.25,0.0373391551123166
54606,29.0,4,0,9.0,25.0,293.35,0.03730199968488061
53845,21.0,3,0,1.0,33.0,321.58,0.03726571046745215
55315,21.0,3,0,1.0,33.0,321.58,0.03726571046745215
53826,20.0,5,0,13.0,7.0,300.67,0.03726532921978253
55102,4.0,1,0,8.0,13.0,171.27,0.037224759797712725
52976,11.0,2,0,8.0,7.0,146.15,0.0372118508393826
54671,28.0,4,0,2.0,26.0,232.25,0.03719438195080743
51413,18.0,5,0,0.0,13.0,197.24,0.037168354065769765
55388,5.0,3,0,4.0,9.0,159.77,0.03715075234536277
53762,23.0,5,0,3.0,10.0,172.89,0.03712261868766642
52682,28.0,1,0,4.0,8.0,126.62,0.037087519459882715
53117,4.0,2,0,8.0,9.0,150.64,0.037060069225509314
55296,20.0,5,0,13.0,8.0,300.67,0.03704440168610431
53283,21.0,2,1,1.0,9.0,292.52,0.03695680971718744
53330,23.0,5,0,3.0,7.0,160.8,0.036889267864279776
50208,27.0,3,0,3.0,26.0,148.69,0.036877417128279376
53833,19.0,5,1,5.0,12.0,182.69,0.03685604600395157
50124,10.0,5,0,2.0,6.0,139.2,0.03683512927532167
52197,29.0,5,0,2.0,10.0,299.43,0.03677014055137016
52151,18.0,3,0,12.0,15.0,155.93,0.036703079670352086
54271,25.0,5,0,9.0,7.0,199.84,0.036692825440301446
53512,23.0,4,0,4.0,15.0,256.2,0.03668030318697199
55351,6.0,4,0,7.0,9.0,179.7,0.03667597780884709
54273,28.0,1,1,5.0,33.0,298.28,0.03666701578881464
50654,19.0,5,1,7.0,14.0,146.15,0.036663717325265265
52124,19.0,5,1,7.0,14.0,146.15,0.036663717325265265
53201,28.0,4,0,2.0,26.0,232.25,0.03661103256943593
50570,6.0,2,0,4.0,6.0,169.49,0.03659549534291192
51022,7.0,1,0,2.0,16.0,147.24,0.03654059196165795
51940,2.0,3,0,7.0,29.0,127.0,0.03653147901321669
51458,27.0,1,1,4.0,32.0,273.28,0.036506694037770945
53841,9.0,5,0,11.0,25.0,177.08,0.03648268936835023
54236,5.0,1,0,9.0,15.0,169.24,0.036470507264303155
51434,3.0,1,0,8.0,8.0,141.52,0.036437366733315164
52300,15.0,3,1,10.0,8.0,278.61,0.03643469650338368
53334,16.0,2,1,4.0,10.0,177.31,0.036388703258501603
52116,19.0,1,0,2.0,6.0,296.27,0.03637320335200406
50492,24.0,3,0,17.0,32.0,263.07,0.03636330778700888
51441,27.0,3,0,3.0,8.0,235.49,0.03627434982820456
51421,4.0,1,0,8.0,14.0,144.24,0.03627077175175483
54467,6.0,3,0,9.0,14.0,179.84,0.03621127677359044
54573,20.0,3,0,9.0,25.0,173.1,0.03615087138300444
55051,28.0,3,0,3.0,8.0,230.02,0.036128032803946046
52593,4.0,3,0,2.0,11.0,183.46,0.03611359485323405
52687,4.0,3,0,2.0,26.0,141.97,0.036103793577642006
51217,4.0,3,0,2.0,26.0,141.97,0.036103793577642006
50753,19.0,2,0,4.0,8.0,173.79,0.03609661334965543
51475,22.0,5,0,11.0,26.0,165.67,0.03609414100264981
53463,30.0,3,0,4.0,16.0,154.42,0.036008334360889814
53179,16.0,2,0,3.0,9.0,165.89,0.03593095517671471
52072,4.0,5,0,3.0,6.0,141.48,0.03589053791331885
51070,20.0,4,0,2.0,8.0,259.72,0.03588599789726671
53278,26.0,3,0,5.0,18.0,156.49,0.03587863454655313
50646,19.0,2,0,2.0,6.0,296.27,0.03586717805768327
50663,28.0,4,0,3.0,8.0,209.76,0.035855662556875154
52305,13.0,1,0,8.0,8.0,146.61,0.03583703864984366
52036,4.0,1,1,5.0,18.0,158.55,0.0357966041933372
53621,25.0,3,0,8.0,13.0,153.38,0.03576649527567374
51207,21.0,4,0,9.0,16.0,296.65,0.03576203004196171
52677,21.0,4,0,9.0,16.0,296.65,0.03576203004196171
52530,27.0,3,0,7.0,28.0,274.26,0.03575247242884973
51060,27.0,3,0,7.0,28.0,274.26,0.03575247242884973
53900,31.0,1,0,1.0,7.0,233.82999999999998,0.035730680025283554
54687,13.0,3,0,11.0,9.0,170.53,0.035726662522620675
51606,5.0,4,0,3.0,13.0,127.94,0.035714558204029065
50550,30.0,4,1,4.0,11.0,205.52,0.0356796174771607
52020,30.0,4,1,4.0,11.0,205.52,0.0356796174771607
52250,21.0,1,0,0.0,7.0,282.65,0.035665627147723866
53103,20.0,3,0,9.0,25.0,173.1,0.0356505717500549
50751,17.0,2,0,17.0,35.0,145.41,0.03563911772285952
52476,8.0,3,0,8.0,34.0,134.07,0.035598488214578
52611,6.0,4,0,7.0,10.0,130.55,0.03557349853876677
51141,6.0,4,0,7.0,10.0,130.55,0.03557349853876677
54220,11.0,3,0,8.0,7.0,184.93,0.035562415532874446
51928,13.0,4,0,7.0,8.0,142.44,0.03552315719544471
51882,30.0,5,0,2.0,22.0,154.05,0.035476800134373966
51972,5.0,3,0,3.0,14.0,151.75,0.03542776801052441
53474,15.0,3,0,9.0,14.0,158.76,0.03536963422853585
54300,4.0,1,1,8.0,16.0,188.47,0.035369012229604445
51292,11.0,4,0,8.0,6.0,144.4,0.03534297641781161
51300,8.0,3,0,8.0,15.0,150.98,0.03532876300591047
52770,8.0,3,0,8.0,15.0,150.98,0.03532876300591047
54042,22.0,1,0,8.0,29.0,296.74,0.03527656179148387
53846,13.0,3,0,8.0,10.0,155.69,0.035274184255946084
55316,13.0,3,0,8.0,10.0,155.69,0.035274184255946084
50414,14.0,3,0,10.0,6.0,291.89,0.03523338909966243
50770,27.0,2,0,9.0,9.0,277.79,0.03518440835241333
50825,12.0,3,0,7.0,24.0,145.34,0.03518246274034676
54966,19.0,3,0,13.0,16.0,180.93,0.035175375921458384
54887,5.0,5,0,4.0,7.0,166.48,0.035164048280266105
55343,10.0,3,0,3.0,8.0,168.74,0.0350602110777877
54777,25.0,3,0,18.0,33.0,288.07,0.035037993871788
53838,23.0,5,0,5.0,32.0,157.11,0.034987870768933525
50119,13.0,2,0,7.0,30.0,133.19,0.03498668104574721
54344,24.0,3,0,3.0,7.0,161.9,0.03495638478840863
55512,22.0,1,0,8.0,29.0,296.74,0.03492700798590203
51385,6.0,5,0,3.0,6.0,153.76,0.03492103629593613
52152,25.0,4,0,0.0,5.0,204.45,0.03491267072514617
51228,17.0,5,0,2.0,6.0,150.33,0.034879886855759296
55449,9.0,1,0,8.0,9.0,182.62,0.034859886436176074
50077,22.0,2,1,7.0,24.0,168.04,0.03485312997270876
54115,9.0,3,0,9.0,16.0,175.98,0.03482288434667959
55585,9.0,3,0,9.0,16.0,175.98,0.03482288434667959
54638,24.0,4,0,8.0,10.0,307.0,0.03482195056999735
53092,30.0,5,0,8.0,13.0,257.12,0.03482181915572741
50577,26.0,3,0,2.0,8.0,248.51999999999998,0.034805339165345305
54521,31.0,3,0,3.0,7.0,192.55,0.03480022013720633
53868,24.0,5,0,12.0,24.0,257.69,0.03479762137487183
50364,15.0,2,0,2.0,8.0,140.89,0.03478076785501477
52295,12.0,3,0,7.0,24.0,145.34,0.034777380766947086
55121,15.0,5,0,8.0,8.0,166.03,0.03477468907194367
51823,23.0,4,0,7.0,9.0,282.0,0.034754100437324825
51079,26.0,1,0,2.0,30.0,170.05,0.03474458049259878
52549,26.0,1,0,2.0,30.0,170.05,0.03474458049259878
53651,15.0,5,0,8.0,7.0,166.03,0.03474195591782838
50875,15.0,5,0,9.0,16.0,267.99,0.03471830804822578
53546,11.0,2,0,12.0,7.0,189.74,0.03470403838018796
50301,23.0,3,0,7.0,35.0,270.46,0.03465688702815118
52308,24.0,4,1,10.0,11.0,240.26,0.03460320009544493
55303,19.0,5,1,5.0,12.0,182.69,0.03456654520977385
54880,21.0,1,1,8.0,11.0,166.63,0.03449096946782518
53340,27.0,2,0,9.0,30.0,267.75,0.03448181707770652
55348,12.0,1,0,10.0,8.0,172.35,0.03441662923951456
53979,9.0,1,0,8.0,9.0,182.62,0.034416283319403454
51771,23.0,3,0,7.0,35.0,270.46,0.03436159457643512
53426,22.0,3,0,3.0,13.0,167.4,0.03429383762263345
54896,22.0,3,0,3.0,13.0,167.4,0.03429383762263345
51579,23.0,1,0,6.0,6.0,295.17,0.034269842188049904
52022,8.0,1,1,7.0,27.0,140.14,0.03426629685481671
54982,23.0,4,0,4.0,15.0,256.2,0.03418994286747618
50216,10.0,2,0,4.0,11.0,163.47,0.03415977151360816
51676,16.0,3,0,0.0,16.0,152.57,0.03403283534686998
52240,27.0,1,0,9.0,9.0,277.79,0.03399718725067656
54933,30.0,3,0,4.0,16.0,154.42,0.033974816844210276
54877,15.0,3,0,12.0,16.0,319.19,0.033958304761986594
54837,9.0,1,1,8.0,28.0,165.14,0.033954234029404604
50384,8.0,2,0,8.0,12.0,166.46,0.03390347923735741
54661,6.0,1,1,6.0,16.0,188.22,0.033851929094918305
51570,4.0,3,0,4.0,6.0,143.45,0.03378105803135393
51706,30.0,3,0,2.0,6.0,167.55,0.03377307865265241
53640,13.0,3,0,8.0,25.0,170.34,0.03376849055139233
50780,21.0,2,0,0.0,6.0,282.65,0.03376756670193187
53966,25.0,3,0,3.0,10.0,256.16,0.03376753273316696
55436,25.0,3,0,3.0,10.0,256.16,0.03376753273316696
53458,11.0,4,0,2.0,10.0,166.07,0.033757300375936314
54928,11.0,4,0,2.0,10.0,166.07,0.033757300375936314
50790,28.0,4,1,0.0,14.0,235.76999999999998,0.03374177717040248
51085,30.0,1,0,0.0,6.0,208.82999999999998,0.033712883751289564
52237,9.0,1,0,7.0,8.0,120.11000000000001,0.03362969166429466
54731,26.0,1,0,3.0,26.0,167.58,0.0336098363400598
54259,31.0,3,0,9.0,17.0,263.72,0.033602024642997774
50930,22.0,4,0,7.0,13.0,204.66,0.0335262217127064
52400,22.0,4,0,7.0,13.0,204.66,0.0335262217127064
50463,25.0,3,0,4.0,17.0,131.49,0.033504924727409055
55132,25.0,4,0,4.0,18.0,256.42,0.033494374798245574
53662,25.0,4,0,4.0,18.0,256.42,0.033494374798245574
52260,28.0,4,1,0.0,14.0,235.76999999999998,0.03348811718042428
51547,22.0,1,1,7.0,24.0,168.04,0.033473692647624065
50835,13.0,2,0,8.0,8.0,146.61,0.03345067299849966
54586,24.0,3,0,8.0,36.0,295.46,0.03344642839589777
53627,19.0,4,0,1.0,32.0,305.61,0.03343364304788244
52535,6.0,1,0,4.0,8.0,155.05,0.03343109124689553
51065,6.0,1,0,4.0,8.0,155.05,0.03343109124689553
50353,23.0,4,0,7.0,9.0,282.0,0.03342650952427896
51589,13.0,1,0,7.0,30.0,133.19,0.03339662629400999
53261,26.0,2,0,3.0,26.0,167.58,0.0333762185558846
54562,30.0,5,0,8.0,13.0,257.12,0.03334222445501461
55582,21.0,4,0,13.0,8.0,244.57,0.03331054040832706
52934,14.0,2,0,8.0,31.0,158.19,0.03329842112730034
55117,30.0,4,0,8.0,15.0,322.17,0.03327120211434491
54483,6.0,1,0,8.0,9.0,175.55,0.033256618970704636
55144,8.0,1,0,12.0,9.0,191.87,0.03324721358919262
53051,31.0,3,0,3.0,7.0,192.55,0.03324664904862851
51747,29.0,5,0,7.0,12.0,232.12,0.0332463923936036
53647,30.0,4,0,8.0,15.0,322.17,0.03315703538984095
55091,25.0,3,0,8.0,13.0,153.38,0.033148809841407
54120,13.0,1,0,8.0,31.0,166.08,0.03308505888927379
51834,15.0,1,0,2.0,8.0,140.89,0.033073074620982336
50073,15.0,3,0,2.0,27.0,152.65,0.03301191272341405
51543,15.0,3,0,2.0,27.0,152.65,0.03301191272341405
54810,27.0,1,0,9.0,30.0,267.75,0.03300645859972357
51015,5.0,1,0,2.0,11.0,133.12,0.03300377712842266
52485,5.0,1,0,2.0,11.0,133.12,0.03300377712842266
54109,12.0,3,0,8.0,13.0,178.21,0.032942377081895666
55579,12.0,3,0,8.0,13.0,178.21,0.032942377081895666
54112,21.0,4,0,13.0,7.0,244.57,0.032935820544445604
53067,25.0,2,0,8.0,21.0,174.36,0.032926888319265164
50287,30.0,5,0,10.0,13.0,295.66,0.03292184803314216
54324,31.0,1,1,3.0,31.0,219.39,0.03290660199476091
51058,9.0,3,0,2.0,6.0,143.74,0.032905902783662615
54404,14.0,1,0,8.0,31.0,158.19,0.03290067945386368
55488,20.0,5,0,9.0,10.0,257.25,0.03283695334749265
52061,6.0,4,1,2.0,6.0,154.88,0.032825716584432105
51002,23.0,3,1,0.0,5.0,293.31,0.03281588579794701
54748,26.0,3,0,5.0,18.0,156.49,0.03279646047774272
53217,13.0,3,0,11.0,9.0,170.53,0.03276756147003068
54780,7.0,5,0,9.0,7.0,165.37,0.03275901322139233
53310,7.0,5,0,9.0,7.0,165.37,0.03275901322139233
53899,8.0,1,0,14.0,12.0,164.86,0.0326702864666267
50252,24.0,2,0,7.0,20.0,149.36,0.032661320992333334
55096,6.0,1,0,9.0,15.0,187.09,0.032580051923036014
55369,8.0,1,0,14.0,12.0,164.86,0.03255798111213125
51633,11.0,1,0,2.0,29.0,157.45,0.03254866030837686
50434,5.0,2,0,7.0,30.0,153.09,0.032543355671039005
53918,5.0,3,0,4.0,9.0,159.77,0.032530908646958366
51223,9.0,1,0,8.0,8.0,138.86,0.032509406754657126
52693,9.0,1,0,8.0,8.0,138.86,0.032509406754657126
52716,20.0,4,0,7.0,20.0,154.67,0.032509153000353536
51246,20.0,4,0,7.0,20.0,154.67,0.032509153000353536
50163,11.0,2,0,2.0,29.0,157.45,0.03247048390440694
55016,11.0,1,0,12.0,8.0,189.74,0.03241156708406729
52492,7.0,1,0,2.0,16.0,147.24,0.032399678394904846
54713,30.0,1,0,2.0,16.0,236.02999999999997,0.03239528590764625
55179,10.0,1,0,9.0,11.0,183.1,0.03238913302517915
53398,21.0,3,1,8.0,23.0,175.67,0.032383089423647426
52302,29.0,4,0,7.0,14.0,297.17,0.03238102538963614
52053,20.0,3,1,7.0,22.0,150.67,0.03235492424166297
55538,23.0,1,0,4.0,9.0,316.61,0.032240683177091715
55420,4.0,3,0,8.0,23.0,177.94,0.03221419348269872
51770,30.0,1,0,0.0,35.0,241.18,0.03220639063001219
53243,30.0,2,0,2.0,16.0,236.02999999999997,0.03220329031632004
53116,24.0,3,0,8.0,36.0,295.46,0.032173221541666554
52692,18.0,1,0,8.0,31.0,159.06,0.032141923552233685
51222,18.0,1,0,8.0,31.0,159.06,0.032141923552233685
54690,12.0,1,0,9.0,7.0,201.25,0.032065985634193404
52236,27.0,3,0,4.0,7.0,205.02,0.03205617014722292
51628,2.0,1,0,9.0,8.0,145.54,0.03204691032581769
52523,23.0,5,0,11.0,23.0,232.69,0.03203004746148889
52874,24.0,3,0,3.0,7.0,161.9,0.03199639554566177
51170,14.0,4,0,2.0,11.0,168.7,0.03197250184323171
50477,13.0,3,0,0.0,22.0,150.94,0.03193454634764107
52726,8.0,5,0,4.0,24.0,155.61,0.03192914726474771
52540,20.0,4,0,2.0,8.0,259.72,0.03192343216616764
52501,12.0,3,0,7.0,9.0,130.69,0.031917280497624045
51031,12.0,3,0,7.0,9.0,130.69,0.031917280497624045
54868,21.0,3,1,8.0,23.0,175.67,0.031904876124500076
51345,7.0,3,0,2.0,14.0,144.04,0.03187552182472885
51904,5.0,1,0,7.0,30.0,153.09,0.031860439861735174
51425,19.0,4,1,2.0,11.0,150.21,0.031830917611929625
51175,13.0,1,0,3.0,6.0,165.13,0.03177879414094202
50109,23.0,2,0,6.0,6.0,295.17,0.031758434938200755
50041,23.0,4,0,4.0,17.0,299.26,0.03172409116594988
55155,26.0,3,1,3.0,35.0,257.47,0.03169172785853147
54804,16.0,1,1,4.0,10.0,177.31,0.031690036261400906
53735,23.0,3,0,3.0,12.0,191.51,0.03164970880710921
54572,31.0,5,0,11.0,14.0,320.66,0.03162207009938012
52698,17.0,5,0,2.0,7.0,150.33,0.03146918576177977
52856,24.0,4,0,5.0,18.0,324.26,0.03141097614380303
52118,29.0,3,0,3.0,15.0,129.42,0.03140799249511521
55307,8.0,1,0,3.0,17.0,172.24,0.03139995877242692
52432,23.0,1,1,9.0,28.0,244.11,0.03136028900948521
53690,16.0,5,0,10.0,17.0,292.99,0.031309438956153395
55321,19.0,1,0,10.0,9.0,182.7,0.031253951720479116
50272,16.0,3,1,2.0,14.0,145.22,0.0312216763804514
52533,11.0,1,0,9.0,7.0,147.35,0.031184744916235446
54334,4.0,5,0,11.0,16.0,155.72,0.031180623291039797
55232,23.0,5,0,3.0,10.0,172.89,0.031146994720131948
54088,28.0,3,0,4.0,16.0,153.97,0.031130551051820245
52723,22.0,1,0,3.0,8.0,291.61,0.031115458270274808
51253,22.0,1,0,3.0,8.0,291.61,0.031115458270274808
52904,25.0,4,0,8.0,15.0,249.89999999999998,0.03110691413033613
52040,6.0,1,0,4.0,6.0,169.49,0.03109298988649183
51933,25.0,3,0,4.0,17.0,131.49,0.0310522502984748
54374,25.0,4,0,8.0,15.0,249.89999999999998,0.031043352184570234
54162,23.0,4,0,8.0,15.0,176.3,0.031022411263407365
51962,24.0,3,0,17.0,32.0,263.07,0.031021173910785436
54553,28.0,5,0,3.0,12.0,319.06,0.03098321196366657
52578,8.0,3,0,7.0,33.0,168.83,0.030919129182320367
53851,19.0,1,0,10.0,9.0,182.7,0.030906385235102696
51757,30.0,5,0,10.0,13.0,295.66,0.03090414523565018
52555,30.0,1,0,0.0,7.0,208.82999999999998,0.03084408802856899
51018,18.0,5,1,4.0,11.0,157.69,0.03084282748048079
55097,19.0,4,0,1.0,32.0,305.61,0.03082838121138663
54080,5.0,5,0,8.0,7.0,175.03,0.03081539350427297
53427,22.0,3,0,9.0,11.0,234.99,0.03078134270764392
54897,22.0,3,0,9.0,11.0,234.99,0.03078134270764392
55345,28.0,3,0,8.0,29.0,299.26,0.030689356049297498
53686,17.0,3,1,9.0,13.0,165.81,0.030686788222185964
51686,10.0,1,0,4.0,11.0,163.47,0.030674051180215673
51995,26.0,1,0,8.0,29.0,242.75,0.03066691344848882
50305,19.0,3,0,1.0,8.0,278.61,0.030654051141285794
50503,25.0,2,0,0.0,31.0,238.26,0.030613034936388547
52645,13.0,1,0,3.0,7.0,165.13,0.030597239762945563
50838,24.0,4,1,10.0,11.0,240.26,0.030524976430057135
51364,26.0,1,0,7.0,8.0,254.26999999999998,0.030500249262019937
54889,28.0,3,0,9.0,24.0,232.39,0.030484205646917773
54948,29.0,4,0,3.0,9.0,234.76,0.030445377463320527
54429,19.0,1,1,11.0,27.0,259.96,0.03034178861642534
51951,11.0,5,0,2.0,18.0,162.88,0.030294327674683725
50481,11.0,5,0,2.0,18.0,162.88,0.030294327674683725
52764,11.0,3,0,7.0,12.0,153.21,0.03027620547975477
51294,11.0,3,0,7.0,12.0,153.21,0.03027620547975477
51034,10.0,3,0,2.0,25.0,157.68,0.03025918049804583
52504,10.0,3,0,2.0,25.0,157.68,0.03025918049804583
51006,8.0,3,0,8.0,34.0,134.07,0.030255519522219044
55215,23.0,4,0,3.0,14.0,229.66,0.030219810697810837
53745,23.0,4,0,3.0,14.0,229.66,0.030219810697810837
51026,8.0,5,0,10.0,24.0,152.08,0.030186023911694188
52961,29.0,5,1,14.0,7.0,315.45,0.030183288231687484
51675,20.0,3,0,1.0,11.0,283.0,0.030174057241479008
50446,25.0,2,0,2.0,25.0,142.58,0.0301401203870686
51965,6.0,5,0,8.0,6.0,140.37,0.030131154145713844
50495,6.0,5,0,8.0,6.0,140.37,0.030131154145713844
51742,16.0,3,1,2.0,14.0,145.22,0.03008579267614182
55558,28.0,3,0,4.0,16.0,153.97,0.03003693395890102
54326,24.0,4,0,5.0,18.0,324.26,0.030035389788031792
55327,22.0,1,0,3.0,11.0,277.02,0.03003367463401035
53857,22.0,1,0,3.0,11.0,277.02,0.03003367463401035
55160,16.0,5,0,10.0,17.0,292.99,0.03002314858924576
54912,24.0,3,0,14.0,7.0,188.47,0.029981682192733866
52281,5.0,1,0,8.0,14.0,162.09,0.02997194241815537
54537,25.0,1,0,8.0,21.0,174.36,0.029969618637566125
51053,23.0,5,0,11.0,23.0,232.69,0.029940740815472343
54788,26.0,1,0,1.0,32.0,263.26,0.029929786812086464
50267,13.0,3,0,0.0,8.0,134.48,0.02991227183156372
51001,2.0,1,0,3.0,8.0,188.53,0.02985467522855765
54860,26.0,1,0,9.0,7.0,295.99,0.029850017463191474
55156,17.0,3,1,9.0,13.0,165.81,0.029831498501741233
53122,28.0,3,0,1.0,15.0,162.8,0.02979773657099014
52910,28.0,5,0,6.0,10.0,184.4,0.029772509578403474
50583,20.0,3,1,7.0,22.0,150.67,0.029760435890275463
52528,9.0,3,0,2.0,7.0,143.74,0.029677514049816764
50476,5.0,3,0,8.0,10.0,161.62,0.02966848770363083
52097,23.0,3,0,13.0,6.0,163.47,0.02962202603474358
50941,28.0,3,1,2.0,10.0,140.35,0.02960159379390461
51377,17.0,1,1,3.0,16.0,164.65,0.02959986917653944
52971,27.0,3,1,4.0,10.0,300.84,0.02957851947496481
51137,11.0,1,1,0.0,24.0,158.11,0.02953624136726693
52607,11.0,1,1,0.0,24.0,158.11,0.02953624136726693
50525,26.0,2,0,8.0,29.0,242.75,0.02950490738962067
52340,25.0,3,1,2.0,34.0,232.47000000000003,0.029492716033390445
53434,31.0,2,1,4.0,9.0,262.26,0.02945021625487724
54719,6.0,1,0,8.0,31.0,178.09,0.029444649321903292
51430,7.0,4,0,3.0,6.0,143.25,0.029423434691777738
54068,23.0,1,0,4.0,9.0,316.61,0.029368155236811386
51347,22.0,4,0,7.0,14.0,151.3,0.029328632909717236
50992,28.0,1,0,13.0,32.0,295.86,0.02932155617610799
52752,27.0,5,1,4.0,16.0,144.4,0.029318725689062297
51282,27.0,5,1,4.0,16.0,144.4,0.029318725689062297
54018,20.0,5,0,9.0,10.0,257.25,0.02927578270298729
52548,11.0,3,0,0.0,10.0,133.06,0.029275642736979267
51078,11.0,3,0,0.0,10.0,133.06,0.029275642736979267
50884,27.0,2,0,7.0,6.0,273.28,0.0292661767923343
54221,6.0,1,1,9.0,7.0,186.62,0.02921282014868746
55110,13.0,3,0,8.0,25.0,170.34,0.029194661107489937
54490,21.0,3,0,2.0,12.0,308.0,0.029178397675006
53837,8.0,1,0,3.0,17.0,172.24,0.029145630329968045
50451,27.0,5,1,4.0,25.0,154.85,0.029139378033929037
51921,27.0,5,1,4.0,25.0,154.85,0.029139378033929037
50437,25.0,5,0,16.0,9.0,268.56,0.029129317702107117
53685,26.0,3,1,3.0,35.0,257.47,0.02910827560778102
52282,18.0,4,0,0.0,31.0,280.61,0.02908977434963851
50812,18.0,4,0,0.0,31.0,280.61,0.02908977434963851
52354,27.0,1,0,7.0,7.0,273.28,0.02906731714812643
51652,5.0,3,0,8.0,13.0,154.84,0.029016736534571135
52488,18.0,5,1,4.0,11.0,157.69,0.02895189352369929
50205,20.0,3,0,1.0,11.0,283.0,0.028937348688262084
51066,5.0,4,0,6.0,8.0,154.7,0.02893689660310877
54234,6.0,4,0,10.0,7.0,187.2,0.028906206657702983
50277,29.0,5,0,7.0,12.0,232.12,0.028900871417892205
53013,6.0,2,0,8.0,9.0,175.55,0.028872548237547063
54431,29.0,5,1,14.0,7.0,315.45,0.02880308625470955
54038,10.0,1,0,9.0,9.0,163.86,0.028775534023940914
55508,10.0,1,0,9.0,9.0,163.86,0.028775534023940914
51774,20.0,1,0,4.0,8.0,150.7,0.028772391567925364
53419,28.0,3,0,9.0,24.0,232.39,0.028755357418032906
52276,24.0,3,0,7.0,12.0,128.38,0.02871622465915739
51071,22.0,3,0,0.0,6.0,253.79000000000002,0.02869398915347802
53922,20.0,4,0,10.0,20.0,180.62,0.028686739327595745
55392,20.0,4,0,10.0,20.0,180.62,0.028686739327595745
50870,25.0,3,1,2.0,34.0,232.47000000000003,0.028659665492455133
50059,23.0,3,0,2.0,6.0,136.9,0.028638589500138416
51595,18.0,3,0,2.0,13.0,164.34,0.02858061160711913
50977,5.0,4,0,5.0,11.0,158.78,0.028574891773926272
52447,5.0,4,0,5.0,11.0,158.78,0.028574891773926272
50519,15.0,2,1,3.0,9.0,152.31,0.02851429849476915
52959,19.0,2,1,11.0,27.0,259.96,0.02842651408857788
52150,21.0,1,0,1.0,6.0,268.85,0.02838790358053984
53821,9.0,3,0,9.0,35.0,159.07,0.028354377028299318
54812,21.0,1,1,8.0,9.0,170.37,0.02831788577474749
51273,27.0,3,0,3.0,15.0,128.97,0.028302017395458724
50304,20.0,2,0,4.0,8.0,150.7,0.028282152884523494
52364,9.0,1,0,8.0,10.0,158.1,0.0281647832656822
55205,23.0,3,0,3.0,12.0,191.51,0.028140812096923772
51449,7.0,3,0,10.0,12.0,148.09,0.028122876929191402
52694,13.0,5,0,16.0,7.0,268.23,0.028075081953119706
51224,13.0,5,0,16.0,6.0,268.23,0.028075081953119706
55065,22.0,1,0,1.0,8.0,307.65,0.02807331267911035
55553,9.0,1,1,10.0,14.0,177.04,0.028014429214613206
54083,9.0,1,1,10.0,14.0,177.04,0.028014429214613206
52204,26.0,3,0,7.0,13.0,286.06,0.02800260966936004
50734,26.0,3,0,7.0,13.0,286.06,0.02800260966936004
50540,9.0,2,1,11.0,20.0,165.86,0.027997504797318377
53875,28.0,3,0,8.0,29.0,299.26,0.027900281028551036
55355,21.0,4,0,3.0,9.0,284.72,0.02788628046149001
53885,21.0,4,0,3.0,9.0,284.72,0.02788628046149001
51030,20.0,3,0,0.0,32.0,296.58,0.02783153745350841
52500,20.0,3,0,0.0,32.0,296.58,0.02783153745350841
54441,27.0,3,1,4.0,10.0,300.84,0.0277957271073463
53709,10.0,2,0,9.0,11.0,183.1,0.027790359925547358
50198,5.0,2,0,7.0,8.0,150.55,0.027772855074845903
54782,10.0,1,1,12.0,7.0,187.01,0.027727957056151144
52268,17.0,5,0,13.0,10.0,291.9,0.027715430599002003
52815,7.0,3,0,2.0,14.0,144.04,0.027689509031268666
51668,5.0,1,0,7.0,8.0,150.55,0.027654859310014875
53020,21.0,3,0,2.0,12.0,308.0,0.02758873981682005
51939,9.0,4,0,5.0,6.0,152.28,0.02751019665339132
51164,8.0,1,0,7.0,8.0,157.62,0.027477826015128316
51051,12.0,4,0,0.0,18.0,152.95,0.027477730661581826
52521,12.0,4,0,0.0,18.0,152.95,0.027477730661581826
51404,4.0,1,0,7.0,13.0,159.15,0.027434309610192827
53674,8.0,2,0,12.0,9.0,191.87,0.02743306204138341
52045,25.0,1,0,8.0,6.0,270.99,0.027432442871997025
52691,8.0,4,1,2.0,22.0,147.88,0.02737920736799177
52974,29.0,2,1,9.0,27.0,179.15,0.027232962445790296
55226,29.0,3,1,3.0,11.0,165.35,0.027228341869153627
55529,8.0,1,1,12.0,29.0,182.47,0.02719860304629777
54059,8.0,1,1,12.0,29.0,182.47,0.02719860304629777
55492,22.0,4,0,10.0,17.0,321.65,0.02714980418805276
54022,22.0,4,0,10.0,17.0,321.65,0.02714980418805276
53249,6.0,2,0,8.0,31.0,178.09,0.027102069465275644
50680,21.0,2,0,1.0,6.0,268.85,0.027100597325046383
53646,29.0,3,0,12.0,9.0,316.87,0.027057346966951456
52634,8.0,1,0,7.0,8.0,157.62,0.02702811334999689
55318,9.0,3,0,10.0,15.0,166.48,0.026993661021550038
52064,18.0,5,1,8.0,29.0,136.33,0.026968857317450256
54904,31.0,1,1,4.0,9.0,262.26,0.02696234959553059
52541,22.0,3,0,0.0,7.0,253.79000000000002,0.026931577129599305
53848,9.0,3,0,10.0,15.0,166.48,0.02688341894712239
52471,2.0,1,0,3.0,8.0,188.53,0.026806181601589908
53886,23.0,3,0,1.0,7.0,278.79,0.026778980865220358
54825,10.0,1,1,12.0,21.0,190.86,0.026725647899390807
50236,30.0,3,0,2.0,6.0,167.55,0.026682788044383354
50469,9.0,4,0,5.0,6.0,152.28,0.02661489241339523
50798,17.0,5,0,13.0,10.0,291.9,0.02659833683796441
50184,30.0,3,1,2.0,6.0,156.6,0.02659771694394335
51654,30.0,3,1,2.0,6.0,156.6,0.02659771694394335
53223,21.0,5,0,8.0,21.0,174.6,0.026573951566548192
54089,7.0,3,0,9.0,14.0,184.68,0.026404968196278
52771,6.0,1,1,1.0,21.0,148.78,0.026396212297526145
51371,26.0,3,0,8.0,11.0,290.94,0.026367886673514
54186,27.0,3,0,9.0,12.0,315.94,0.026339710486610362
53291,6.0,3,0,9.0,11.0,186.62,0.02630533253454022
50159,28.0,2,1,8.0,26.0,154.15,0.026269389561339347
53850,13.0,3,0,9.0,11.0,175.42,0.02622542679798888
55320,13.0,3,0,9.0,11.0,175.42,0.02622542679798888
50385,6.0,2,0,7.0,12.0,177.25,0.026209456023437067
52496,8.0,5,0,10.0,24.0,152.08,0.026200697565917704
50344,25.0,5,1,9.0,12.0,155.77,0.026164557416553328
51814,25.0,5,1,9.0,12.0,155.77,0.026164557416553328
55338,24.0,5,0,12.0,24.0,257.69,0.026162833550162034
51875,11.0,1,0,8.0,6.0,176.25,0.026160294614958886
51451,30.0,1,0,2.0,8.0,288.44,0.026125848279073858
55559,7.0,3,0,9.0,14.0,184.68,0.026037297576767163
53220,12.0,2,0,9.0,7.0,201.25,0.026033137121455222
51035,12.0,3,0,8.0,10.0,150.42,0.025972605919482285
52505,12.0,3,0,8.0,10.0,150.42,0.025972605919482285
53959,27.0,3,1,3.0,7.0,254.64999999999998,0.02596069046006514
53412,24.0,3,1,6.0,31.0,264.73,0.025938252745070084
53102,31.0,5,0,11.0,14.0,320.66,0.025934619141888354
52133,28.0,4,0,3.0,8.0,209.76,0.025848402620998946
52875,27.0,5,0,4.0,20.0,169.5,0.025804703278568927
53070,29.0,2,1,3.0,9.0,291.59,0.02577834435251971
54800,23.0,5,0,3.0,7.0,160.8,0.02560853483179976
52291,23.0,5,1,2.0,34.0,268.8,0.025589532619754978
53867,23.0,4,0,3.0,29.0,289.13,0.025582703159634818
55337,23.0,4,0,3.0,29.0,289.13,0.025582703159634818
51529,23.0,3,0,2.0,6.0,136.9,0.025409780337174576
53595,22.0,2,0,1.0,7.0,307.65,0.025398086407886787
51033,8.0,3,0,9.0,14.0,141.48,0.025390621161630086
50552,8.0,2,1,7.0,27.0,140.14,0.02532112932566792
50859,7.0,2,0,11.0,8.0,166.87,0.025176649874622196
53390,26.0,2,0,9.0,7.0,295.99,0.025138039847520492
55308,23.0,5,0,5.0,32.0,157.11,0.025114368150848762
53083,28.0,5,0,3.0,12.0,319.06,0.02508007671363226
51973,25.0,1,0,0.0,31.0,238.26,0.025005082973401174
55055,28.0,1,0,10.0,10.0,302.79,0.024995827301417015
52536,5.0,4,0,6.0,8.0,154.7,0.024952260936429802
51907,25.0,5,0,16.0,9.0,268.56,0.024634783174930956
52503,8.0,3,0,9.0,14.0,141.48,0.024458577269291796
51221,8.0,4,1,2.0,22.0,147.88,0.024389480587415854
55356,23.0,3,0,1.0,8.0,278.79,0.02422216012598558
54540,29.0,1,1,3.0,9.0,291.59,0.024188592275907025
54629,26.0,5,1,10.0,13.0,180.77,0.024120701714276632
53159,26.0,5,1,10.0,13.0,180.77,0.024120701714276632
53387,19.0,4,0,9.0,11.0,169.47,0.024037610625726683
52743,27.0,3,0,3.0,15.0,128.97,0.024011330319494435
52067,23.0,3,1,5.0,30.0,239.73000000000002,0.023849512271247396
53744,51.0,3,0,9.0,7.0,174.0,0.023731519933289286
53099,26.0,2,0,5.0,11.0,290.55,0.02372774444628252
54634,23.0,3,1,10.0,25.0,320.02,0.023691399992402707
55035,4.0,3,0,10.0,14.0,159.91,0.023522320159268178
54256,28.0,3,0,4.0,9.0,260.49,0.023364369555220713
51967,9.0,1,1,11.0,6.0,162.01,0.02326998766730637
52990,25.0,4,0,3.0,9.0,179.82,0.02316926851819779
54460,25.0,4,0,3.0,9.0,179.82,0.02316926851819779
52356,28.0,1,0,0.0,7.0,247.32,0.02303275649080084
51738,27.0,5,0,2.0,11.0,294.06,0.02299732540982118
52301,28.0,3,0,11.0,8.0,291.87,0.02299016353194515
52201,10.0,1,0,11.0,7.0,164.74,0.02297108371274799
54444,29.0,1,1,9.0,27.0,179.15,0.022916955408038155
54317,25.0,3,0,1.0,14.0,186.32,0.02289295951710862
51535,24.0,4,0,0.0,9.0,237.33999999999997,0.02278973794497212
54857,19.0,4,0,9.0,11.0,169.47,0.02277404658064777
50288,19.0,3,0,8.0,24.0,148.1,0.022696037032964148
54761,6.0,3,0,9.0,11.0,186.62,0.02261347868505702
52527,22.0,3,1,12.0,12.0,239.66000000000003,0.02245553641386135
55340,8.0,4,0,10.0,10.0,179.33,0.02243063431126441
51722,24.0,1,0,7.0,20.0,149.36,0.022407895456999713
54348,29.0,4,0,16.0,21.0,312.22,0.02233201129302312
50255,28.0,2,1,2.0,8.0,266.59,0.022311046959897704
54965,22.0,1,0,2.0,7.0,293.85,0.02227578190355148
50731,10.0,2,0,11.0,6.0,164.74,0.022270642642683275
51725,28.0,1,1,2.0,8.0,266.59,0.022203504964593467
51758,19.0,3,0,8.0,24.0,148.1,0.0221717509462187
51737,13.0,3,0,0.0,8.0,134.48,0.022160987220910863
50894,9.0,2,0,8.0,10.0,158.1,0.02207879009211082
50821,23.0,5,1,2.0,34.0,268.8,0.022060144043571976
50515,22.0,5,0,2.0,6.0,135.8,0.022011205885904786
51186,30.0,3,1,2.0,21.0,257.87,0.021923013559268786
53829,24.0,3,1,14.0,27.0,237.45,0.0217613655385346
50039,30.0,2,1,4.0,30.0,194.39,0.021757303388996844
55120,14.0,1,0,9.0,9.0,171.61,0.02172924226235444
50755,30.0,2,1,9.0,13.0,152.2,0.021707163089566123
54693,21.0,5,0,8.0,21.0,174.6,0.021666050876373362
53931,13.0,1,1,9.0,7.0,189.72,0.021535724076832817
50529,23.0,5,0,7.0,8.0,279.24,0.021428949780175264
51999,23.0,5,0,7.0,8.0,279.24,0.021428949780175264
54065,31.0,1,1,1.0,28.0,303.75,0.021400614493819945
54264,8.0,3,0,11.0,13.0,173.09,0.021345528948612073
54380,28.0,5,0,6.0,10.0,184.4,0.02131730598766681
53115,31.0,2,0,1.0,36.0,266.18,0.021160666955895135
50929,50.0,3,0,8.0,6.0,149.0,0.021103484027081308
53495,22.0,2,0,2.0,7.0,293.85,0.021070218480318363
54569,26.0,1,0,5.0,11.0,290.55,0.02104358124768273
51405,10.0,3,0,7.0,6.0,159.93,0.02089434058411984
55401,13.0,1,1,9.0,8.0,189.72,0.020890296570127132
51855,6.0,1,0,7.0,12.0,177.25,0.020887299096105448
50065,24.0,4,0,0.0,9.0,237.33999999999997,0.020881493512839952
53585,28.0,2,0,10.0,10.0,302.79,0.02087170552435177
55028,24.0,5,0,3.0,9.0,303.56,0.020871066488683154
55429,27.0,3,1,3.0,8.0,254.64999999999998,0.020836281759168022
53570,31.0,2,1,10.0,14.0,177.2,0.020797763163650416
52399,30.0,3,0,8.0,7.0,149.0,0.020763477882293283
51711,19.0,3,0,0.0,13.0,152.58,0.02052034282141689
51846,5.0,1,1,5.0,15.0,163.22,0.020505399411441073
50575,25.0,2,0,8.0,6.0,270.99,0.02034257787932815
50947,22.0,5,0,2.0,9.0,147.89,0.020258225253215315
51419,5.0,4,0,9.0,6.0,162.2,0.020212383094655638
51107,19.0,4,0,9.0,19.0,155.62,0.020177496410602708
52577,19.0,4,0,9.0,19.0,155.62,0.020177496410602708
52656,30.0,3,1,2.0,21.0,257.87,0.02013426848463866
51140,28.0,5,0,0.0,8.0,290.38,0.0201186121804359
52610,28.0,5,0,0.0,8.0,290.38,0.0201186121804359
52892,23.0,2,1,8.0,25.0,193.04,0.020060339400411582
52586,12.0,1,1,8.0,7.0,164.72,0.02003840323202966
50572,18.0,4,0,8.0,10.0,144.47,0.019974553374103
52720,60.0,1,1,0.0,27.0,278.75,0.01992021299604786
51250,30.0,1,1,0.0,27.0,278.75,0.01992021299604786
53590,23.0,3,0,1.0,11.0,312.11,0.019865793789371842
50871,16.0,3,1,8.0,12.0,140.81,0.01985769274752556
51916,25.0,1,0,2.0,25.0,142.58,0.019849796246861135
50155,23.0,4,0,6.0,10.0,291.44,0.019842920285464236
51625,23.0,4,0,6.0,10.0,291.44,0.019842920285464236
50405,11.0,2,0,8.0,6.0,176.25,0.019825611572386336
51985,22.0,5,0,2.0,6.0,135.8,0.019697782082661743
51411,28.0,3,1,2.0,14.0,247.56,0.019552679626415947
50095,27.0,5,0,5.0,9.0,159.4,0.01943567506491654
50268,27.0,5,0,2.0,11.0,294.06,0.019430206470088075
54345,27.0,5,0,4.0,20.0,169.5,0.01939989334661926
52417,22.0,5,0,2.0,9.0,147.89,0.01939910308651363
54132,30.0,3,0,10.0,7.0,188.06,0.019369307146950194
54249,4.0,1,0,9.0,9.0,166.52,0.01935749258278762
52341,16.0,3,1,8.0,12.0,140.81,0.019344499112567394
51163,15.0,5,0,0.0,19.0,155.38,0.01929967859414953
52633,15.0,5,0,0.0,19.0,155.38,0.01929967859414953
53164,23.0,3,1,10.0,25.0,320.02,0.01910985178938075
51934,23.0,3,0,3.0,8.0,276.39,0.019046581210202602
55123,25.0,4,1,11.0,12.0,265.26,0.01895681799056695
53653,25.0,4,1,11.0,12.0,265.26,0.01895681799056695
54362,23.0,1,1,8.0,25.0,193.04,0.018900714536451885
52814,22.0,4,0,8.0,8.0,153.9,0.018836224328206804
51344,22.0,4,0,8.0,8.0,153.9,0.018836224328206804
51509,30.0,1,1,4.0,30.0,194.39,0.018825118582187397
52329,7.0,1,0,11.0,8.0,166.87,0.01869048897678808
51116,12.0,1,1,8.0,6.0,164.72,0.018662649082914318
55602,30.0,3,0,10.0,8.0,188.06,0.018619363139174668
52042,18.0,4,0,8.0,10.0,144.47,0.018578022101699128
53699,28.0,2,0,8.0,7.0,298.28,0.018548464276577883
53650,14.0,2,0,9.0,9.0,171.61,0.018495576165419976
51530,26.0,5,0,3.0,19.0,144.5,0.018428402234906216
50060,26.0,5,0,3.0,19.0,144.5,0.018428402234906216
51181,27.0,1,0,7.0,13.0,168.54,0.018421153839125376
52651,27.0,1,0,7.0,13.0,168.54,0.018421153839125376
52225,30.0,1,1,9.0,13.0,152.2,0.018408271199923044
54159,23.0,4,0,9.0,9.0,178.9,0.018360365810859626
55629,23.0,4,0,9.0,9.0,178.9,0.018360365810859626
55299,24.0,3,1,14.0,27.0,237.45,0.018308635597049337
54585,31.0,1,0,1.0,36.0,266.18,0.01830625842327848
50831,28.0,3,0,11.0,8.0,291.87,0.018222428207603076
51452,23.0,4,1,7.0,6.0,281.72,0.018217283439289026
52878,29.0,4,0,16.0,21.0,312.22,0.018066011632766898
51819,22.0,3,1,9.0,24.0,295.02,0.018063965104664712
53558,24.0,5,0,3.0,9.0,303.56,0.01797938781703433
52060,23.0,1,0,3.0,6.0,273.99,0.017922572980070727
50063,28.0,4,0,15.0,20.0,287.22,0.017730746495084142
51533,28.0,4,0,15.0,20.0,287.22,0.017730746495084142
52411,28.0,3,1,2.0,10.0,140.35,0.017693837296818525
52525,7.0,4,0,9.0,9.0,154.33,0.01765214635517172
55214,31.0,3,0,9.0,8.0,174.0,0.0175957373922475
55040,31.0,1,1,10.0,14.0,177.2,0.017498871274007333
52738,8.0,1,1,9.0,13.0,152.04,0.017427486060566478
51268,8.0,1,1,9.0,13.0,152.04,0.017427486060566478
52970,24.0,4,0,7.0,11.0,316.44,0.017394658849629492
50156,26.0,3,1,3.0,9.0,275.84,0.01734746309483608
50920,22.0,3,0,2.0,11.0,166.51,0.01730303880896147
50464,23.0,3,0,3.0,8.0,276.39,0.017293474162083492
54267,24.0,4,1,8.0,7.0,306.72,0.017237314431066464
53183,22.0,5,0,3.0,7.0,279.02,0.01719977685625136
51274,6.0,3,0,8.0,13.0,159.68,0.017171456275622353
51989,15.0,1,1,3.0,9.0,152.31,0.017032498786647598
50066,25.0,3,0,9.0,6.0,299.99,0.01696431107688766
51536,25.0,3,0,9.0,6.0,299.99,0.01682244745383521
50590,23.0,2,0,3.0,6.0,273.99,0.016809375751524032
51502,24.0,3,0,0.0,13.0,161.32,0.016743274142191004
55169,28.0,1,0,8.0,8.0,298.28,0.016616909048309095
52010,9.0,1,1,11.0,20.0,165.86,0.016571234029574475
50410,26.0,3,0,3.0,13.0,248.14,0.016463860436427828
52422,27.0,1,0,12.0,17.0,260.32,0.016463022875164723
51057,22.0,3,1,12.0,12.0,239.66000000000003,0.016429779031163657
54440,24.0,4,0,7.0,11.0,316.44,0.016353152083839573
53767,28.0,1,0,13.0,18.0,285.32,0.016346461359705633
55237,28.0,1,0,13.0,18.0,285.32,0.016346461359705633
55342,23.0,3,1,13.0,13.0,264.66,0.01633931433343849
53872,23.0,3,1,13.0,13.0,264.66,0.01633931433343849
52614,26.0,3,1,3.0,7.0,229.64999999999998,0.016333618106884343
51244,7.0,1,1,11.0,28.0,157.47,0.01621037174429951
52714,7.0,1,1,11.0,28.0,157.47,0.01621037174429951
51565,27.0,5,0,5.0,9.0,159.4,0.016003885789481923
50349,22.0,3,1,9.0,24.0,295.02,0.015981543004617172
54882,24.0,3,1,6.0,31.0,264.73,0.015961348899893143
52881,26.0,3,0,10.0,7.0,324.99,0.015914922304859865
50886,28.0,2,0,0.0,6.0,247.32,0.015851531460453986
52744,6.0,3,0,8.0,13.0,159.68,0.01579715427290375
53225,27.0,3,0,4.0,14.0,273.14,0.015484531723196282
55060,23.0,3,0,1.0,11.0,312.11,0.015426981936576671
51946,5.0,3,0,8.0,10.0,161.62,0.015351088019667204
54351,26.0,3,0,10.0,7.0,324.99,0.01523360482238703
51645,24.0,4,0,2.0,8.0,154.82,0.01513419435561856
50175,24.0,4,0,2.0,8.0,154.82,0.01513419435561856
52880,25.0,4,0,1.0,10.0,262.34,0.014956975850646629
54350,25.0,4,0,1.0,10.0,262.34,0.014956975850646629
55535,61.0,1,1,1.0,28.0,303.75,0.014613548416098378
54875,24.0,1,0,4.0,7.0,298.99,0.014561779584465159
51144,26.0,3,1,3.0,6.0,229.64999999999998,0.014303492726846424
52390,22.0,3,0,2.0,11.0,166.51,0.014045627315332408
54226,29.0,3,1,3.0,15.0,272.56,0.013994253418194064
53344,24.0,5,0,8.0,9.0,304.24,0.013965210693395473
54814,24.0,5,0,8.0,9.0,304.24,0.013965210693395473
51626,26.0,3,1,3.0,9.0,275.84,0.013809864787215185
53279,24.0,3,0,4.0,9.0,301.39,0.013676009230649717
50952,27.0,1,0,12.0,17.0,260.32,0.01359555950785008
53405,24.0,2,0,4.0,7.0,298.99,0.01357963137709994
55171,29.0,1,0,1.0,8.0,272.32,0.013527659969605959
51052,22.0,4,0,2.0,28.0,264.13,0.013411656168835894
52522,22.0,4,0,2.0,28.0,264.13,0.013411656168835894
54749,24.0,3,0,4.0,9.0,301.39,0.013220036056005144
54653,22.0,5,0,3.0,7.0,279.02,0.012867260645636596
52245,22.0,3,0,0.0,10.0,287.11,0.012786170529913503
50919,26.0,4,0,8.0,8.0,265.98,0.01277887751974356
52389,26.0,4,0,8.0,8.0,265.98,0.01277887751974356
55204,27.0,4,0,9.0,9.0,290.98,0.012633953980887526
53734,27.0,4,0,9.0,9.0,290.98,0.012633953980887526
54695,27.0,3,0,4.0,14.0,273.14,0.012055280875586712
51880,26.0,3,0,3.0,13.0,248.14,0.011369657884195975
50775,22.0,3,0,0.0,10.0,287.11,0.011250044402388434
51629,28.0,1,1,8.0,26.0,154.15,0.010193630697859805
50743,23.0,5,0,2.0,8.0,278.56,0.009079688188537284
53701,29.0,2,0,1.0,7.0,272.32,0.00880996159481823
52213,23.0,5,0,2.0,8.0,278.56,0.007507289886805637
52787,29.0,3,0,9.0,7.0,163.06,0.007475644759413164
51317,29.0,3,0,9.0,6.0,163.06,0.007475644759413164
